train,0,1,2,3,4,5,6,7,8,9,10,11,12,13,14,15,16,17,18,19,20,21,22,23,24,25,26,27,28,29
001А-Купе,0.8010122034287195,0.9105346553016882,0.960876077977953,0.977388454858449,0.9833867143407918,0.9879269310899076,0.9905168304792719,0.9929637247527214,0.9945782840171484,0.9955522327847025,0.9964287342381418,0.9971150714669537,0.9976136128719905,0.9980447600066407,0.9984592579818368,0.9987429574722627,0.9989635273844674,0.9991513169490749,0.9993234048232551,0.9994686628250236,0.999580306999,0.9996770648262261,0.9997491403558463,0.9998159449394755,0.9998691928003,0.9999159011275898,0.9999569163315865,0.9999762349007189,0.9999939985686447,1.0
002А-Купе,0.8148719003975395,0.9040922740304946,0.9633775518278103,0.9813300127653489,0.9871917141395655,0.9907127186712361,0.9926036145185096,0.9939882769835173,0.9952937717988135,0.9961184031511489,0.9968426513951915,0.9974292324032569,0.9979397607103992,0.998320226353677,0.9986457140400573,0.9988421191709626,0.9990350032372817,0.9992081470705477,0.9993627263895438,0.9994969161732437,0.9996085300182798,0.9996924542271414,0.9997628106776036,0.9998304649298279,0.9998838053898471,0.9999315080356131,0.9999648240992355,0.9999811281801871,0.9999925612980701,1.0
005А-СВ,0.8426720009898484,0.9279978756672783,0.9624401270324997,0.9765537117907749,0.9836549900947167,0.9874395095523266,0.99021741825642,0.9922502856501145,0.9938021900002671,0.995111577516486,0.99612812245669,0.9967170011704671,0.9972767858300057,0.9977453369774221,0.9981049574064663,0.998386880864468,0.9986662325475075,0.9989157630959722,0.9991242983529416,0.9992824963441775,0.9994343775270474,0.9995561064279291,0.9996558219303,0.9997443539095717,0.9998138267362133,0.9998676741814533,0.9999179145104704,0.9999623337045088,0.9999824610073951,0.9999999999999999
006А-СВ,0.8490351450720828,0.9440257875193669,0.9695428258387414,0.9810695126858923,0.9863790331347603,0.9899205073727817,0.9920711131841143,0.9935784691826602,0.994890918749406,0.995618462418683,0.9962591355726473,0.9968537423410536,0.9973041414594709,0.9976987436804368,0.9980654686621733,0.9983582922410594,0.9986330558847623,0.9988541788017079,0.9990598708620106,0.9992325600884862,0.9993597500683311,0.9994757656069383,0.9995872609795236,0.9996923796955854,0.9997712037443873,0.9998438760815959,0.9998913820939238,0.9999346000357705,0.9999737729811818,1.0000000000000007
701Н-СВ,0.695975222619448,0.836076133760992,0.8926072812751085,0.9282772187614264,0.9525762229357547,0.9654150160932562,0.9746576769249784,0.9801948815229886,0.9855497712581971,0.9887851238408389,0.9918183001369723,0.9936671771998467,0.9951927001042654,0.9962776779309678,0.9970359404946512,0.9976679787890724,0.9981890324725397,0.9985687284479562,0.9988703521719083,0.9991091701043346,0.9993293902319479,0.9994889508806468,0.9995999202436804,0.9997010872366305,0.9997904366217518,0.9998678634160917,0.9999274850905178,0.9999685351032659,0.9999964013589462,0.9999999999999997
701Н-Сидячий,0.7174088446233534,0.8915010478584389,0.9428988476344178,0.966205332354454,0.9773403958855501,0.9848465357089411,0.9886803398555251,0.9914088620384836,0.9929692087725158,0.9944420538877955,0.9956942777332054,0.9967139339351438,0.9974110635034916,0.9979328365760581,0.9982861520123063,0.9986046700784944,0.9988518800251368,0.999075523896789,0.9992569644998636,0.9994230577329912,0.9995468414912498,0.9996392332009713,0.9997273267556689,0.9997955636081663,0.9998576449512233,0.9999041168168044,0.999939357583869,0.9999644712566805,0.9999877928801512,1.0000000000000002
703Н-СВ,0.7956245250327417,0.9040287659163329,0.9359725271643691,0.956032865439228,0.9686661266751897,0.9776178460415728,0.9824329781278692,0.9856137072795617,0.9880632819209624,0.9903131099563572,0.9920792270351793,0.9934083601859143,0.9945838506631957,0.9955974336419975,0.9964255916005278,0.9972093343589278,0.9978005751138603,0.9982721509377717,0.9986680899268334,0.9989607652336655,0.9991807942986906,0.999380128382544,0.9995306065885686,0.9996577490674389,0.9997691457937208,0.9998642974726863,0.9999253597202831,0.9999605061149851,0.9999861022953589,0.9999999999999996
703Н-Сидячий,0.8546538173732892,0.9377479035742415,0.9671840681420654,0.9797178612212772,0.9877333653599409,0.9909142836688839,0.9934468891830049,0.9950572314949806,0.9960565551950294,0.9969703227534946,0.9974989293279621,0.9979584420617188,0.9983823125365859,0.9986748673587605,0.9989589793417291,0.9991601279231691,0.9993134941683552,0.9994471381072444,0.99954895535892,0.9996400503745216,0.9997220256438467,0.9997946107612127,0.999851198228684,0.9998931186934594,0.999920233670242,0.9999452582469199,0.9999645271851066,0.9999799367461648,0.9999920582112435,0.9999999999999999
705Н-СВ,0.797405527676898,0.907142968091481,0.934037362278555,0.9551144574281544,0.9683540602029158,0.9772394360347685,0.9828427922047658,0.9864094357455686,0.9889841608276383,0.9911379907915198,0.9929470008414063,0.9945909514162268,0.9956248580062186,0.996559339882151,0.9972791009872789,0.9977875475764008,0.9982775380549355,0.9986364602770901,0.9989076773881251,0.9991317991496469,0.9993136614529234,0.9994729813479427,0.9996104420353789,0.9997183020625156,0.9998093933377256,0.9998869660014835,0.9999340788617864,0.9999729998478525,0.9999925084563663,0.9999999999999997
705Н-Сидячий,0.9231212281323259,0.9809170659815849,0.9897463231474715,0.9936033727337913,0.9957088873422765,0.9966287852554143,0.9975376470861455,0.9980518742934061,0.9984672763176835,0.9987418394933004,0.9989678050906782,0.9991512069041921,0.9993169515009189,0.999442172771471,0.9995477328737801,0.9996225785748102,0.9996834863633661,0.9997380278649992,0.9997851377947283,0.9998189548669125,0.9998497580177157,0.9998778411340475,0.9999036636645108,0.9999246113302099,0.9999435672175352,0.9999609645124181,0.9999739188031163,0.9999850389396842,0.999993503596153,1.0000000000000002
707Н-СВ,0.7671403947366213,0.9210460275420291,0.9507599858884552,0.9675176529456453,0.9756559133224927,0.9809495356253685,0.9852981431649978,0.9885311940561285,0.9910719169329824,0.9931870840566317,0.9949644848091395,0.9962294050690478,0.9971934584481814,0.9979910557991062,0.9984934336987101,0.9988862581934316,0.999187137658912,0.9993814709284915,0.9995457979919502,0.9996733489617112,0.9997724304581364,0.9998254459992794,0.9998775042865652,0.9999201585179067,0.9999479491056934,0.9999716501686294,0.9999885208106637,0.9999975438884264,0.9999998548862543,1.0000000000000004
707Н-Сидячий,0.9253097164118504,0.9820768753017064,0.9904937486036923,0.9937790894852954,0.995723058671768,0.9967898355237175,0.9978000791531879,0.9983056013182054,0.9987000784728427,0.9989964345956379,0.9991952325320903,0.9993624710151132,0.9994839449340964,0.9995949894511335,0.999688427194384,0.9997454959549529,0.9997999184876188,0.9998405584037956,0.9998730761900663,0.999898028182124,0.9999203876805913,0.999939900620947,0.9999535933898617,0.9999669319615239,0.9999769041182468,0.9999859131010219,0.9999908846138654,0.9999947857462694,0.9999978496880693,1.0
709Н-СВ,0.8244853944075985,0.9139860606328609,0.9515545743974448,0.9678465568529663,0.9779582142068862,0.9846606492028763,0.9885046805349513,0.9910701657852463,0.9930820701577165,0.9947821706492042,0.9960149868497965,0.9970363410415856,0.9975985012416965,0.9981273775231223,0.9986267387208165,0.9989557437174815,0.999246604290815,0.9994546945655263,0.9996059205473817,0.999710579325118,0.9997965425030434,0.9998663283858258,0.9999171945389551,0.9999367956665358,0.9999540871412353,0.9999696305815615,0.999981809870282,0.9999914308930241,0.9999971266352051,0.9999999999999997
709Н-Сидячий,0.9345853089618492,0.9802213921978927,0.9903629800445464,0.9945519107465747,0.9966809131623141,0.9977742834355964,0.9983315790445154,0.9987061547698876,0.998988249460273,0.9991732188574177,0.9993442083402837,0.9994884305603784,0.9996014820915882,0.9996864376050847,0.9997447627974381,0.9997995818540603,0.9998462454349059,0.9998763965776858,0.9999001924891133,0.9999208183837839,0.9999385932668291,0.9999529690635633,0.9999643806492706,0.9999744991907519,0.9999826046064167,0.999988135120201,0.9999929417229817,0.9999963275056853,0.9999994091717102,1.0000000000000002
751А-B1,0.805226065513948,0.9044504501104624,0.9423919930541145,0.9638782040287216,0.9730524646128231,0.9798192378132178,0.9843776454991241,0.987739773468208,0.9906088797420318,0.9926658105756385,0.9942516227899183,0.9958087865409766,0.9969671674784444,0.9975028205139187,0.998035142457864,0.9985029150523065,0.998853524107765,0.9991180646209077,0.999381445619803,0.9995335323089863,0.9996633508656696,0.999767788811227,0.99984808790654,0.9999162730573102,0.9999554729485453,0.9999780133927011,0.999992467895209,0.9999980989653109,0.9999994116728977,0.9999999999999997
751А-B2,0.7922338829961193,0.9047082647631836,0.9546353752298716,0.9738122651071565,0.9811253929063517,0.9868871251487279,0.9902085334548264,0.9925369513380671,0.9938795108909376,0.9949768957809852,0.995811302024486,0.9966005804261089,0.9972403772217164,0.9978047113640388,0.9982235360384415,0.9985622142775505,0.998790160003389,0.9990048359994018,0.999216586868234,0.9993863706604434,0.9995373471629947,0.9996763040138336,0.9997674462663743,0.9998272451615822,0.9998728943930867,0.9999178312202618,0.999956087176882,0.9999815413424691,0.99999265796085,1.0
751А-C1,0.7352412656302985,0.8741706647789699,0.9248162147738379,0.95079467016834,0.9701453756366282,0.9786039879863433,0.9847247277885365,0.9897266566213085,0.9927869888750096,0.9945212421037474,0.9958538742763978,0.9970767582683703,0.9979126668827472,0.9985619266191872,0.9989704257637594,0.9991872627092673,0.9993625049825029,0.9994947899501315,0.9996000267072661,0.99969781881594,0.9997693417610923,0.9998276458961065,0.9998802311305014,0.9999233248508763,0.9999520262750619,0.9999746734995701,0.999988103004138,0.999995612915319,0.9999996051391267,1.0
751А-C2,0.8337479617794592,0.9450127806711266,0.968586372733331,0.9831494587195139,0.9898513499042191,0.9927391838802393,0.9947668454316232,0.99630871970604,0.9971845278727085,0.9977878295310341,0.998359853532191,0.9986664561886088,0.9989333006846727,0.9991491062678005,0.9993105692314505,0.9994539358734076,0.9995814765692693,0.9996814655424765,0.999754210104815,0.9998159894736649,0.999854904995195,0.9998897891769136,0.9999160391529716,0.9999362927233875,0.9999541110477502,0.9999690511996476,0.9999810685486427,0.9999898260549488,0.999995356568841,0.9999999999999998
752А-B1,0.8068810055847366,0.9078475518261055,0.9466822405346219,0.9628834513396427,0.971877267039306,0.9778614368164424,0.9827321773037367,0.9866335045396577,0.9894840047768714,0.9917074734695426,0.9935707254879035,0.9948999042375063,0.9960979149911735,0.9969600982094785,0.997525604002608,0.9980158484346973,0.9984292983895895,0.9987359655209362,0.9989620903991273,0.9991800993707057,0.9993635339507339,0.9995301259088658,0.9996448747882585,0.9997567048934362,0.9998362200914168,0.9998858528154961,0.999932589602343,0.9999667809457656,0.9999870213167873,1.0000000000000002
752А-B2,0.7366319687618322,0.8695215186042589,0.936581212087411,0.9574765869792422,0.9698361943356912,0.9801859730898166,0.9849133176204489,0.9876690634152894,0.9901089467100853,0.992392525041557,0.9941569211081136,0.9953350244637397,0.9961511643121101,0.9968692184156714,0.9973734496125826,0.9978557490171216,0.998207485928252,0.9985457210821443,0.9988270510105777,0.9990855029300091,0.9993068913370645,0.9994547661110343,0.9995775967432772,0.9996737572497063,0.9997600605012137,0.9998337945219109,0.9998994952067799,0.9999480413669998,0.9999854342283,1.0000000000000002
752А-C1,0.6630400464468809,0.8551962419235254,0.9145388494283446,0.9410331055575879,0.9616463506327659,0.9752440145182745,0.9820101128055089,0.9875251162596635,0.9909041038950206,0.9927579135598904,0.9942985322346536,0.9956396840859238,0.9965703202566263,0.997331165674885,0.9979535047736687,0.9984224053952435,0.9987772130126528,0.9990343323074115,0.9992360652735206,0.9994163284890464,0.9995654392765497,0.9996910769292965,0.9997798620127981,0.9998482575590831,0.9998977454770503,0.9999437720093773,0.9999681086872646,0.9999816349131748,0.9999947671575917,1.0
752А-C2,0.8513522963292024,0.9449032960635138,0.9765195908177652,0.984974523218769,0.9908826230220286,0.9933521242830935,0.9952090672184707,0.996234133108058,0.9971148758312794,0.9977568817858019,0.9983058480713818,0.9987061538518536,0.9990310147638778,0.9992436895239089,0.9993752159351681,0.9994980108569959,0.9995820078417285,0.9996469991481387,0.9997044326855365,0.9997578510953208,0.9998071741005311,0.9998490870819423,0.999888993195904,0.9999187602914683,0.9999441569883635,0.9999624593075014,0.9999769381398088,0.9999879214616555,0.9999949926773767,1.0
753А-B1,0.7540968645315788,0.8687860104713762,0.9327101290797621,0.9499900987044639,0.9663181939235602,0.9741821167904845,0.9807805988774378,0.9857365533415836,0.9888817846600336,0.9913715503691048,0.9935220107121521,0.9952528539148964,0.9965716945019798,0.9975074673963488,0.998081666628924,0.9985473014261678,0.9988977720890277,0.999176647848911,0.9993869274010884,0.9995776466265328,0.9997125513819363,0.9997912699752285,0.9998521364661945,0.9998981768383467,0.9999362671330617,0.9999708524745977,0.9999897996657292,0.9999979390175986,0.9999998147654426,0.9999999999999999
753А-B2,0.7745995115128554,0.8952401024924059,0.9356873750474136,0.9597513677674486,0.9713327699644853,0.9801012730681519,0.9841367095632487,0.9871637274557761,0.9896876323510895,0.991818946102596,0.9936443202877356,0.9950264875883017,0.9961696243118148,0.997120118287934,0.9977532862724017,0.9982585748930778,0.9986558092552006,0.9989348644626967,0.9991765421159738,0.9993505212706478,0.9994866534817237,0.9995984237135431,0.9996938591231174,0.9997781498689249,0.9998422573683406,0.9998932181503531,0.9999378506664568,0.9999675122898647,0.9999885874719517,1.0000000000000002
753А-C1,0.8179878860106442,0.9151590426720833,0.9422584394587505,0.9637996301290425,0.9740266245163992,0.9824502461712341,0.9879713916371544,0.9910812996386099,0.9933128997151013,0.9953982256870868,0.9966565956606638,0.997397931270048,0.9980232527956019,0.9985471929465424,0.9989316333644525,0.9991961473400683,0.9994027520377675,0.9995419260613785,0.9996723257950905,0.9997663349975652,0.9998292535229109,0.9998753074013482,0.999916014782835,0.9999488903632857,0.9999683322276075,0.9999831976404989,0.9999926807120266,0.9999974495832882,0.9999994725280263,1.0
753А-C2,0.7964418594221515,0.928123387626536,0.9605291400301406,0.9761613838786843,0.9841769817406684,0.9888734255336437,0.9914307996533559,0.993774326235012,0.9953444968710738,0.996527525167913,0.9973722665271028,0.9979850259224654,0.9985222580233483,0.9988521485512983,0.9990543397117416,0.9992370669980424,0.9993972707227623,0.999527828771297,0.9996242687695948,0.9997027102707162,0.999766581257423,0.9998157965505975,0.9998580440320218,0.9998939702111886,0.9999229858446758,0.9999478315663002,0.999967657966478,0.9999811945089552,0.9999929922175849,0.9999999999999999
754А-B1,0.7034806182534802,0.851764604867719,0.9181503275404137,0.9437841399809808,0.9593938192923591,0.9708860845301724,0.9785023353685497,0.985066134605618,0.9882146210860724,0.9904522291132827,0.9923661760286602,0.994102474498799,0.9954684375425327,0.996467488228767,0.9972207723643512,0.9978087898250709,0.9982664852190907,0.9986788990636901,0.9989656597282631,0.999210754628065,0.9993665650529968,0.9995202292628962,0.9996499605260911,0.9997664206731136,0.9998466425890704,0.9998885479072693,0.9999271764651246,0.9999629494250513,0.9999835026430661,1.0
754А-B2,0.8011432909380172,0.9099946689362843,0.9504448382504294,0.9670266641571771,0.9746201897582781,0.9813774824377025,0.9857401494050102,0.9896948038464444,0.9921366651525187,0.9936748892702788,0.9947761383044711,0.9958255353041296,0.9966080438507848,0.9973333953606525,0.9978372747325553,0.9981996370974376,0.9985443277392979,0.9988278247375062,0.9990841227144176,0.9992934248414265,0.9994542372033081,0.9995774968418781,0.9996961940901016,0.9997847868285188,0.9998506515201292,0.9999022244862549,0.9999371326119747,0.9999673466902911,0.9999856863963956,0.9999999999999997
754А-C1,0.777439197318341,0.9150096924090887,0.9535934466795842,0.9692623760353664,0.9815699481600779,0.9872941598836202,0.9916849688826865,0.9940659785644884,0.9953745165080705,0.9963938837637532,0.9971645613650912,0.9977296292255233,0.9981770703081282,0.9985754867872914,0.9988720040185122,0.9991253390599539,0.9993313152869391,0.9994500257845228,0.9995622745769269,0.9996553913269797,0.9997449790128132,0.9998190633978647,0.9998697192070104,0.9999130676166259,0.9999419400427805,0.9999637014021457,0.9999800103102982,0.9999888564217462,0.9999957450720728,1.0000000000000004
754А-C2,0.8802439031495877,0.9674859656112422,0.9857180231335405,0.992601571321645,0.995175255189139,0.9964982942591704,0.9973585747737677,0.9980381704512513,0.9985252532248716,0.9988494108153272,0.9990719131657855,0.9992387485913128,0.9993710479308091,0.9994660492381446,0.9995597217224214,0.9996429182514235,0.9997069174930667,0.9997580449226348,0.9998064609111331,0.9998478069450729,0.9998857247723411,0.999912465954973,0.9999343173291042,0.9999508317625349,0.9999661995888326,0.9999782497645276,0.9999855307496803,0.9999914756163649,0.9999967457620715,0.9999999999999996
755А-B1,0.7432329112439856,0.8730219802602817,0.934064061865697,0.9565090271959532,0.9701099681279389,0.9789311090806543,0.9858065012513972,0.990099567429733,0.9922522792213987,0.9940176961532792,0.9954330095784087,0.9963884819460594,0.9972704699461036,0.9979720607575882,0.9985440598273437,0.9988811721775773,0.9991525540785893,0.9993493651827585,0.9995186138059963,0.9996262285086472,0.9997247017766079,0.9997993653957945,0.9998585959244453,0.9999056193526454,0.9999454983821169,0.9999754950919354,0.9999953475159398,0.9999980755430529,1.0,1.0
755А-B2,0.6781110850927929,0.8935946884152403,0.9342268778192132,0.9597765178775757,0.9708782423134589,0.978900962381458,0.9851217545152943,0.9885298156647181,0.9914252583181298,0.9933280581107695,0.9946324699388035,0.9957791010904242,0.9966621677880789,0.9974370062273844,0.997988532870394,0.9984850440472356,0.998788928929345,0.9990065073130019,0.9992007976921351,0.9993771354348135,0.9995143956227808,0.9996196966604344,0.9997138416720986,0.9997936117057267,0.9998650347828777,0.9999231972903765,0.9999527710097296,0.9999759059955919,0.9999917930037397,1.0000000000000004
755А-C1,0.6871508103635036,0.8483673383014754,0.9173373107582808,0.9523623053359864,0.9710148458427946,0.9804221529116031,0.9877520152892574,0.9904249639137905,0.9930272176848596,0.9948281337725421,0.996120589958371,0.997087737663275,0.9978416705317681,0.9983429313112961,0.9988220456068287,0.9991299217991801,0.9993258148455586,0.9995064032120796,0.9996485223000827,0.9997606527450792,0.9998226341322631,0.9998718260056881,0.9999146928714607,0.9999393448840023,0.9999571150897797,0.9999704190254642,0.9999822179877081,0.9999922177314904,0.999998738142078,0.9999999999999999
755А-C2,0.7709246259599642,0.9484052828415228,0.9739802582126401,0.9850607732278012,0.9900339596158574,0.9930667791959101,0.9949280595087213,0.9965464542555394,0.9974271939875351,0.9979644078948218,0.9984717145793978,0.9988471884188006,0.9991105843945678,0.9992966282288089,0.9994482244125567,0.99956682128795,0.9996699941927468,0.9997300760706656,0.999783799315836,0.9998295517978105,0.9998701842263154,0.999902193833956,0.9999262441837607,0.9999477792042947,0.9999617566031758,0.9999724408597599,0.9999813437768651,0.9999900355079946,0.9999962623077041,1.0000000000000004
756А-B1,0.706524148316945,0.8753882026638751,0.9335253321999815,0.953454209182808,0.9641717323271951,0.973243807653679,0.9798427196085635,0.9841118897435209,0.9875567334744217,0.9900042235622766,0.9919700656178069,0.9933813364885796,0.9947356747429607,0.9957778880626849,0.9966480294701873,0.9973255317008579,0.9979007210791561,0.9984020065232138,0.9987085073178956,0.9989625403569364,0.9991774749853558,0.99937106465476,0.999552901703507,0.9997062476036205,0.9998109119860252,0.9999018291519067,0.9999606007464122,0.9999839983233118,0.9999950266081816,0.9999999999999999
756А-B2,0.7848256765736085,0.9033553470854464,0.94354801071012,0.9608845961803533,0.971424949162885,0.9788273565647146,0.9828831281381283,0.9867194386064719,0.9891206469926291,0.9910137082077529,0.9924214216670935,0.993658841102827,0.9947777914572922,0.9957333849841852,0.9965310501580839,0.997063026346926,0.9975410356949798,0.9979992334608733,0.9983391363722095,0.998637720133379,0.9988759951108854,0.9990906753429766,0.9992857906006375,0.9994410820999,0.9995723106690129,0.9996840598337884,0.9997899140142633,0.9998849573691004,0.9999499037831314,1.0
756А-C1,0.787943020862291,0.8953165572382126,0.9323687464653618,0.959054882176644,0.971172603258704,0.979014031811461,0.9855790328670802,0.9888681748532084,0.9913967518095984,0.9931864313098937,0.9943316578295858,0.9952538736130855,0.9961600215414919,0.9967691676953077,0.9973444073784969,0.9978192280748035,0.9982827604325232,0.9986701222399713,0.9989830589705754,0.9992286615831047,0.9994393058211481,0.999593552120619,0.9997010900441363,0.9997917659847584,0.9998707492480137,0.9999175016431031,0.999951436693462,0.9999729014076432,0.9999896650234179,1.0000000000000002
756А-C2,0.9058018474657087,0.967782310417293,0.9830316145904103,0.9900105743312192,0.9923768392245907,0.9942116421374526,0.9958918387232493,0.996908182990916,0.997589898576187,0.9980491607208983,0.9983518512880106,0.998619710239027,0.9988498678201694,0.9990723271719767,0.9992233439131207,0.9993581617082433,0.9994807381980696,0.9995685991073128,0.9996466373053888,0.9997164486018943,0.9997776937886239,0.9998167266182924,0.999855689933681,0.9998913003112853,0.9999190551441896,0.9999438655909544,0.9999626217872927,0.9999793350839901,0.9999914706516423,0.9999999999999997
759А-B1,0.7700430449244846,0.8835034717321704,0.9337613465445265,0.9576724814258063,0.9693776937351042,0.9760680345282156,0.9806235165229069,0.9849258554942926,0.9878759021361649,0.9903960048844311,0.9920452341016115,0.9934742142848729,0.9946237642324381,0.9955982380525209,0.9964377302613323,0.9971249524939246,0.9977632000452155,0.9982231564668903,0.9986133537978543,0.998986473738931,0.9992848778579699,0.9994992440879306,0.9996615502925696,0.9997543907763812,0.9998414164204305,0.999901808384473,0.9999363746060304,0.9999622961488739,0.9999846192105136,1.0000000000000004
759А-B2,0.7859304805098234,0.9170815966481879,0.946165946038876,0.9660917771604606,0.9747535999113988,0.9809007985132135,0.9846361055817527,0.9872957955098784,0.9892739653679615,0.9908292070426834,0.992345331129389,0.993600973872631,0.9945806266497907,0.9955146209644793,0.9962296833812783,0.9969066516147961,0.9974415667809321,0.9978415696270997,0.998197966861622,0.9985214891452014,0.9987883751929117,0.999004131281196,0.9992057959777404,0.999392587804327,0.9995541479052601,0.9997012610905355,0.9998110751684052,0.9998887365921406,0.9999505899460137,0.9999999999999999
759А-C1,0.7504646134619097,0.8967993942744141,0.9454837669070736,0.9655164209031448,0.9749324599889267,0.9804213915425901,0.9851082021295203,0.9882588742485952,0.9901898468806538,0.99183233111646,0.9931717110144268,0.9943772140025986,0.9953960868905339,0.9962010985029687,0.996905164364519,0.9975345368696875,0.9980881584478496,0.9984901807272475,0.9988209134182434,0.9990385959551435,0.9992364114320058,0.9993947594168148,0.9995332822268801,0.9996555299410307,0.9997509070124811,0.9998256229337926,0.9998896681122059,0.999943911703666,0.9999739180232242,0.9999999999999999
759А-C2,0.7843113361653393,0.9523315934004546,0.9759821307509736,0.9867655742087584,0.9916151227175587,0.9931581468401102,0.9944323672524423,0.9954065724750514,0.99633755595625,0.9970487517783434,0.9976998342413222,0.9981077126746943,0.9984356025935969,0.9986881412160115,0.9988981609934788,0.9990813683944644,0.9992291486450571,0.999360953075988,0.9994676807310114,0.9995689600850333,0.9996605590022019,0.9997264834978388,0.9997885902502648,0.9998410319917742,0.9998868766401771,0.9999231631021974,0.9999476516954074,0.9999692286593945,0.9999869182921617,0.9999999999999999
760А-B1,0.7284933614028428,0.9015136451137046,0.9427897349450863,0.9575013960716,0.9713821868598894,0.9783993147291755,0.9828790812229871,0.9857244753682991,0.9882173854504716,0.9900838562061925,0.991631054302708,0.9928618692227817,0.9938711710555617,0.9947933486440347,0.9956147817495478,0.9963647276760164,0.9969881907919639,0.9975659624830798,0.9980960282427606,0.998466434848526,0.9987904356743188,0.9990811473913098,0.999331609364232,0.9995348144925172,0.9996890239719097,0.999817474229326,0.9999199456928974,0.9999669714914671,0.9999878853684062,0.9999999999999998
760А-B2,0.8266656003799688,0.9349960579668236,0.959897117717025,0.9735005554164097,0.978995889372391,0.9830689725493813,0.9857763429891813,0.987960665088898,0.9898191850088061,0.9914843081668249,0.9929402766402234,0.994211602242221,0.9950901469471709,0.9958800646779953,0.9965451556153767,0.9971926370000037,0.9976316029987591,0.9980195286386713,0.9983675060704524,0.9986993507802007,0.9989099861291637,0.9991053504172166,0.999284602824028,0.9994393524151763,0.9995828197138085,0.999690673923294,0.999795206693174,0.9998831652402688,0.9999556658411921,0.9999999999999998
760А-C1,0.813473319602324,0.9237877340844998,0.9571900928615578,0.9744860557276678,0.9813825620255474,0.9860606392688177,0.9885939625675604,0.9907276810296899,0.9925624271627362,0.9939233217973443,0.9951912672444393,0.9960393380796235,0.9966293176676236,0.9971212570105213,0.9975916984313342,0.9980100520726963,0.9983309667250002,0.9986346981913672,0.9988623323250128,0.9990519751229215,0.9992298926227904,0.9993763546174664,0.9995051120305429,0.9996122009462712,0.9997008736000087,0.9997818173391789,0.9998581423139559,0.9999149599605777,0.9999619921454497,1.0000000000000002
760А-C2,0.9318031815006352,0.9820749689135779,0.989800059552187,0.9931046367329025,0.9950105559710732,0.9962552974557949,0.9968814181494284,0.9974405348242589,0.9978604283609758,0.9982357003323155,0.9985031801899106,0.9987391409470018,0.9989320573654835,0.9990887759867858,0.9992239483516633,0.9993305439108324,0.9994317757705873,0.9995179000386338,0.9995954936090582,0.9996692482243265,0.9997293192735013,0.9997813021164109,0.9998271958172823,0.999867477232349,0.9998989976417353,0.9999271701218279,0.9999513506490731,0.9999718587336923,0.9999894880584844,1.0000000000000002
767А-B1,0.7887705270179469,0.9220785357699903,0.9553031127122044,0.9717247312614381,0.9800937184719805,0.9844839477061093,0.9875534570000619,0.9896746440165889,0.9912233231014596,0.9925022825815257,0.9936888002177544,0.9947285135667661,0.9957051175194573,0.996357959091932,0.9969501472297357,0.9974147837043578,0.9978039336843398,0.9981719382546322,0.9984852292313662,0.9987754242551756,0.9990341048110972,0.9992450312176608,0.9994316200170679,0.9996021068662913,0.9997280778782394,0.9998217764584789,0.999895183649635,0.99995397928835,0.9999820920644996,1.0000000000000002
767А-B2,0.8503017301593425,0.9412809094552308,0.9670062460894515,0.9775860608178906,0.9840992820664739,0.9880527961571945,0.990383295666619,0.9922503467489876,0.9939402295609734,0.9949440184245142,0.9956803476440594,0.9962882164167821,0.9968190198461818,0.9972317276233225,0.9975790962260475,0.9979154060799399,0.9982370597032801,0.9985099097014126,0.9987495398679206,0.9989499542553762,0.9991197288562352,0.9992678399749756,0.9994084704070165,0.9995358778279453,0.9996443073143958,0.9997436446116464,0.99982596389175,0.9998924768281392,0.9999555550747294,1.0
767А-C1,0.8214237496517959,0.9187406227721534,0.9553842901752806,0.9736645248777965,0.9806996210650295,0.9860294982289644,0.9897011284661682,0.9919096144803741,0.9932143262977992,0.9943135528284973,0.9951611156852436,0.995821077288789,0.996390543599329,0.9969378974828113,0.9974490266084084,0.9979048272568956,0.9982648924091572,0.9985467270287371,0.9988075805983877,0.9990527380011902,0.9992701472404987,0.9994472869500484,0.9995903319483674,0.9996924977822332,0.9997829498564265,0.999849554929721,0.9999068271930919,0.9999463864664951,0.9999798236678286,1.0000000000000002
767А-C2,0.9096491190680936,0.9776820986829122,0.9895470347984973,0.993568405109367,0.9955334179314193,0.9965338211355996,0.9974031483843995,0.9978634778958568,0.99824001487116,0.9985456774086388,0.9987653418384383,0.9989479374128797,0.9991052329427662,0.9992402026465701,0.9993536975590929,0.9994565045797732,0.9995428409076261,0.9996217764657911,0.9996925103693146,0.9997502517952856,0.9997994508995329,0.9998426970514314,0.9998762151416015,0.9999077182006105,0.9999333602462658,0.9999569540152883,0.9999716746591722,0.9999856697634791,0.9999947491460187,1.0
768А-B1,0.7238961418535442,0.8796648090040131,0.9311762458845979,0.9488627872015846,0.9634104723497053,0.9711591091298409,0.9761917042769133,0.9806509477653228,0.9844262700128829,0.9867925404910671,0.9888878890539593,0.9907918535657729,0.9923641832880875,0.9937258734388289,0.9948324797284906,0.9957056035173656,0.996479276142189,0.997140445997078,0.9976840289921901,0.9981935527653173,0.9986210132624579,0.9990028642124702,0.9992413597262462,0.9994387303498282,0.9996082645176311,0.9997362511706346,0.9998373467936011,0.9999130056757944,0.9999630358097392,1.0000000000000002
768А-B2,0.7755526042892543,0.9060488690566968,0.9528891676440078,0.9667561644178296,0.9744496311294344,0.9803218957250815,0.9853459276665052,0.9884133973895256,0.9904001640876772,0.9920093700877035,0.9932803502967988,0.9942443684637005,0.9950811488911069,0.9957340672426302,0.9963315761910104,0.9968902323348511,0.9973808014667654,0.9978092990742264,0.9982120796748584,0.9985637708506624,0.99886125642285,0.9991145391201389,0.9993527330291719,0.9995379949713414,0.9996918529396812,0.999798457098341,0.9998729759657402,0.9999226186965906,0.9999650290382892,1.0000000000000002
768А-C1,0.7808732379377337,0.9117718562681664,0.9509697943399003,0.9693472822167798,0.977359274829496,0.9821226126776423,0.9867103222476805,0.9895389791853192,0.9914634490139664,0.9932758899513033,0.9945753704226296,0.9955160611019853,0.9963396052936493,0.997030481686914,0.9976661548563516,0.9980968195564554,0.9984591798207996,0.9987394326264641,0.9990115368595198,0.9992045199336166,0.9993741055914438,0.9995162951896887,0.9996216332557959,0.9997216523696407,0.9998009384906641,0.9998722179997799,0.999923939734448,0.999957117316152,0.9999809299488737,1.0
768А-C2,0.8989567720159871,0.9631503455550493,0.9823403234425245,0.989538887873251,0.9923240998571974,0.9943187502539595,0.9956261181294735,0.996694750498716,0.9973368552574039,0.9977756459456139,0.998124420881483,0.9984511058360196,0.9987292597633379,0.9989690849506522,0.9991942430794236,0.9993483257776566,0.9994810825277677,0.9995711844126872,0.9996550903404685,0.9997239210068066,0.9997785525237981,0.9998238839582535,0.9998639681518101,0.9999004248108014,0.999926541255579,0.9999501817892621,0.9999677315604151,0.999981800049817,0.9999930971610431,1.0
769А-B1,0.7448593090770305,0.8979654828178276,0.9406335732215458,0.9635735207822901,0.9732537564079701,0.9795280895067938,0.9837599666827608,0.9868438205313275,0.9894929314701734,0.9912132949240683,0.9926958948565447,0.9938772657319481,0.9950076679937554,0.9958267267035309,0.9965841351541227,0.9971820435532458,0.9976947251137891,0.9981044691885329,0.9984944826159208,0.9988002390629227,0.9990518288373452,0.9992892707295963,0.9994957304300959,0.9996512664055294,0.9997608497361231,0.9998381028111765,0.9999044594403281,0.999961834979486,0.9999858842510765,0.9999999999999997
769А-B2,0.8627958036795055,0.9471780758789177,0.9704125537216493,0.9808254702776099,0.9858822291326622,0.9894696708040679,0.9912369082635203,0.9928902565922976,0.9943054068944763,0.9953677981848936,0.9961396121096437,0.9966741819121502,0.9971713105313503,0.9976425196274333,0.9980017022011616,0.9983218960719892,0.9985958709443854,0.9988388279684236,0.9990481238528063,0.9992114089011483,0.9993531281324204,0.9994704673312312,0.9995803326883265,0.9996698504484685,0.9997507699775041,0.9998287272058012,0.9998863007960017,0.9999341297026476,0.9999745755321415,1.0000000000000002
769А-C1,0.8605267978906226,0.9437378192092892,0.9701610958177685,0.9829028674896705,0.9868385795214559,0.9898088526512157,0.9916659925143554,0.9931016504894263,0.9941835049490206,0.9952477250393152,0.9960291179695147,0.996728807819366,0.9973651964389079,0.9979211100324669,0.9983121131652398,0.9986185349606387,0.9988704043965467,0.9990700195669967,0.9992512953227061,0.9993957429456366,0.9995163423107563,0.9996218718097942,0.9997220598728109,0.9998029293712972,0.9998669777493259,0.9999164043828221,0.9999473985523587,0.9999726673957582,0.9999875009469864,1.0
769А-C2,0.9125220667607811,0.9805166837125413,0.9900368462123698,0.9942737675683572,0.9956885720490007,0.9966151282478384,0.9974285403984826,0.997990120257278,0.9983625672152034,0.9986315101268408,0.9988661007210993,0.999059218343605,0.9992429442565111,0.9993660521098436,0.9994619247053607,0.9995518027698623,0.9996213854628198,0.9996832458741227,0.99974192999876,0.9997903509544707,0.9998314669454877,0.9998666515263145,0.9998999476243045,0.9999264550566026,0.999949037019418,0.9999653436183364,0.9999781745954647,0.9999880999809037,0.9999944974342486,0.9999999999999999
770А-B1,0.7797932431668555,0.8916542502680093,0.9401261517731183,0.9584615326108709,0.9683340785955912,0.9759986414479606,0.9816149109320345,0.9861824438118637,0.9888167603424478,0.9910696171942966,0.9927930838811811,0.9941146744928822,0.9951493669426422,0.9961331384960868,0.996923234752326,0.997556581529079,0.9980883523131565,0.9985119014498535,0.9988725224062494,0.9991782501120212,0.9993817595769264,0.9995442105595299,0.9996790733366889,0.9997609495298957,0.9998376864250336,0.9999107627775928,0.9999567250737316,0.9999803152478141,0.9999963675361241,1.0000000000000004
770А-B2,0.7727925093918395,0.9209639143020041,0.9606329444198176,0.9742930250547331,0.9809650650193037,0.9857069308599449,0.9885678266959689,0.9909205831387721,0.9926182651054246,0.994083729241258,0.9950222679163402,0.9957727722079319,0.9964581090804624,0.9969945609379701,0.9974613848730223,0.9978516628756738,0.9982146806744097,0.9985396861080621,0.99881563231401,0.9990466049440813,0.9992480946768021,0.9993985010790932,0.9995345779156689,0.9996451875144391,0.9997464407475105,0.9998252697150748,0.9998886690591962,0.9999390288190473,0.9999791598805282,1.0
770А-C1,0.7325440653785,0.8814960275525459,0.9256001626920761,0.953464900143847,0.9664370902445353,0.9756015333072254,0.9809272775955536,0.9852908980978233,0.9890999898611977,0.991019808939446,0.9927276651930729,0.9942463275555744,0.9954054572109765,0.9964655168208516,0.9971174017022477,0.9976863503616092,0.9980822493614587,0.998457524484756,0.9987532796577703,0.9990434895403164,0.9992718200330755,0.9994548900706068,0.9996033118847647,0.9997354839208505,0.9998268554886048,0.9998945000773447,0.9999432305560417,0.9999722461010273,0.9999888513749229,1.0000000000000002
770А-C2,0.8729227118512068,0.9609881357902448,0.9804295227641199,0.9881976756776288,0.991729276695285,0.993893596666842,0.9955657682142711,0.996812716632122,0.9974379546393639,0.9979652230818432,0.9983643386452734,0.998676740728903,0.9989357835376326,0.9991397870746788,0.9993128238838107,0.9994430768666521,0.9995520285002203,0.9996308920377225,0.9996994640291295,0.9997589584237823,0.9998109879202435,0.9998505654333434,0.9998853417060997,0.9999130216081751,0.9999353981058237,0.9999552882183639,0.9999730625013189,0.999986585411098,0.9999948213872473,1.0000000000000002
772А-B1,0.7673239472605172,0.8902234069718282,0.930775067766793,0.9567362075118473,0.9693158887843457,0.9767475371241714,0.9819961478373052,0.9861305704824957,0.9886261018154537,0.9905537254167813,0.9924138151970472,0.9938764185909317,0.9951430856955149,0.9960477281248187,0.9968482115227599,0.9974317160311661,0.9979364974644259,0.9983349253656211,0.9986747632810351,0.998987036906576,0.9992540217043723,0.9994309717126417,0.9995721443759947,0.9996968130403175,0.9998018746916844,0.99988077577274,0.999939477156025,0.9999720257131045,0.9999918700382553,0.9999999999999998
772А-B2,0.8312205558076483,0.9353727446150811,0.9680467475503439,0.9792307821713909,0.9849767709487373,0.9877901363874654,0.9903580605910597,0.9925624807341987,0.9937504358061559,0.9947323141503054,0.995689748437146,0.9963537900333964,0.996955986956424,0.9975001708601877,0.9979087352073497,0.9982699022804599,0.9985968398255384,0.9988431820004385,0.9990560398231564,0.9992447726107571,0.9993952864780946,0.9995169192506406,0.999608056694355,0.9996957843067302,0.9997691652382731,0.9998325820018471,0.9998855839533375,0.9999310280023609,0.9999720735223672,1.0000000000000002
772А-C1,0.8033718277026286,0.9107837750026472,0.9508047212159061,0.9687072411879661,0.9776296998262277,0.9830765190309451,0.9867962548261601,0.9897738640722458,0.9916460720209915,0.9933691061531491,0.994665731335481,0.9955817825465736,0.9963294658370949,0.9970296819554461,0.9976049725092861,0.9980918986049787,0.9984632815578757,0.9987523177142844,0.9990034903463662,0.9992025659469139,0.9993752855071169,0.9995301515444199,0.9996498613641079,0.9997440468054481,0.9998197197881188,0.999878084960142,0.9999263722472429,0.9999607186301116,0.9999841781927817,1.0000000000000002
772А-C2,0.8876599500098299,0.9713294349179846,0.986250368790419,0.9918485320997924,0.9938470944442261,0.9953364887613657,0.9965016562736893,0.9972698503461198,0.997864672781589,0.9983555212564889,0.998668746539948,0.9988680605338264,0.9990653039538185,0.9992457606227757,0.999381703488292,0.9994912496827125,0.9995890386535321,0.9996605818671354,0.9997213755577159,0.9997742969983305,0.9998209658688456,0.9998648662746316,0.9998950221459428,0.9999207900003668,0.9999412713911998,0.9999596709577212,0.9999737881959389,0.9999864524106494,0.9999952977262988,1.0000000000000002
773А-B1,0.7611523285423026,0.9098948380688165,0.9509595395964013,0.9634041121337885,0.9720386185899644,0.9787088984493154,0.9826106814242801,0.9859246978454038,0.9881387626967004,0.9901229935423054,0.9918142962530355,0.9931821828068839,0.994303991159671,0.9953121008460757,0.9962513657969994,0.996860751558911,0.9974120165443959,0.9978780453975635,0.9982763119740082,0.9985891515286629,0.998898046787083,0.9991453914571209,0.9993670097192099,0.9995660515067529,0.999698341307502,0.9998026431069387,0.9999012821535499,0.9999613786353468,0.9999856569061929,1.0
773А-B2,0.8664940813593666,0.9430472616918811,0.966209940872025,0.9770532045345607,0.983856160684865,0.9869568753934629,0.9897529343317053,0.9915434452336899,0.9931405238288429,0.9941863053840229,0.9951674773693928,0.9959957720165042,0.9966612100706597,0.9971907375355857,0.9976318463842744,0.9979701116490185,0.998272950143022,0.99854924598971,0.9988093120764332,0.9990485941309364,0.9992483451521045,0.9994207364145475,0.9995521022390291,0.9996644926280926,0.9997592401606337,0.9998353094727348,0.9998907775679452,0.9999374002310316,0.9999723256390478,0.9999999999999998
773А-C1,0.8594833531665427,0.9442450988289045,0.9723390748373136,0.9820599069638578,0.9868555135451973,0.9899461791506146,0.9917452947159248,0.9932011009887243,0.9944563322134699,0.995562814245856,0.9962645585796772,0.996818626232069,0.9973448183143511,0.9977852962907363,0.9981474801369398,0.9984522567322448,0.9987404967883861,0.9989776274005759,0.9991707333958754,0.9993466961319529,0.9994873481600992,0.9996196923548777,0.999716873492785,0.999793697321216,0.9998535112185608,0.999901519750327,0.9999435716322185,0.9999705866437099,0.999986935525459,0.9999999999999999
773А-C2,0.9159006331303182,0.9798787524655854,0.9918017596635059,0.9941480285042699,0.9956502554360642,0.9966205016209017,0.9974601289805995,0.9980149723934655,0.9983660587128045,0.9986658608186936,0.9988935658147261,0.999044550468531,0.9991857317837687,0.9993243061473662,0.9994471922537378,0.9995449303391882,0.9996254120357464,0.9996867307327318,0.9997384094671515,0.9997855808990471,0.9998269876533188,0.9998628824809906,0.9998947543644613,0.9999190968085477,0.9999423017634266,0.9999596694314444,0.9999727176418298,0.9999840215808135,0.9999936158539786,1.0000000000000004
775А-B1,0.7827973868898489,0.9016863782019359,0.958226356583072,0.9708563034395695,0.9796354665463071,0.9845671829853014,0.9888924282949098,0.9913397910988644,0.993101804961733,0.9943721675225606,0.9953658643014713,0.9962323391889387,0.9969299225782838,0.99759268543212,0.9981255663344657,0.9985196322711823,0.9988916138656457,0.9991025585378277,0.999273302147168,0.9994218271476009,0.9995550450903297,0.9996606720918846,0.9997482802647484,0.9998106918760101,0.999867583620075,0.9999130767612981,0.9999450501587523,0.9999705132890927,0.9999890127837114,1.0
775А-B2,0.9042995069367384,0.968481913382782,0.9826020025774616,0.9888401735330689,0.9925783916102013,0.9943242891933369,0.9957034313242791,0.9966706141873682,0.9973518051409869,0.99780946760499,0.9982287666090202,0.9985758577553218,0.9988245633930721,0.9990343277978169,0.9992118032403603,0.9993646182668259,0.9994791877602281,0.9995767650762729,0.9996588139687687,0.999719292328975,0.9997773697505383,0.9998206462440219,0.9998563532857969,0.9998900920491989,0.9999200703230352,0.9999424846154167,0.9999611214912502,0.9999763564336003,0.9999885895991156,1.0000000000000002
775А-C1,0.8875287140531722,0.9618569455739747,0.9793516662934015,0.9865849482534057,0.9906946704440891,0.9931268098767856,0.9947614576439074,0.9960809134279398,0.9969475372436774,0.9975914103938507,0.9980454788808688,0.9984563288984946,0.9987896334081905,0.9989850623005255,0.9991618216278279,0.9993245419361979,0.9994520001621547,0.9995680836092776,0.9996670522446006,0.9997484959007937,0.9997956086181811,0.9998404433014106,0.9998761536137654,0.9999100364649217,0.9999378795576168,0.9999602331287708,0.9999754814323707,0.9999891070785726,0.9999949499042424,1.0
775А-C2,0.9304699426986958,0.9880979450018299,0.9951745631339893,0.9974751517474834,0.9982872257481284,0.998791333845125,0.9990922712121251,0.9992808327146118,0.9994188760258311,0.9995478407315875,0.9996439495235719,0.9997143172437454,0.9997645251403711,0.9998061742422256,0.9998408344348206,0.9998694235225161,0.9998926664889978,0.9999128825793229,0.9999309170108851,0.9999485558001063,0.9999588277502773,0.9999673835762718,0.9999741147261546,0.9999802205883077,0.9999854834066251,0.9999893832314153,0.9999929408333129,0.9999960894216667,0.9999984403950313,1.0000000000000004
776А-B1,0.7886828162959694,0.928425482918254,0.9618458712328155,0.9742249818435057,0.9805320187863886,0.9856785280194457,0.9894764621030313,0.9919415982230436,0.9941107147167947,0.995186044531241,0.9962057207612925,0.9969795131027754,0.9976732508546999,0.9981279401785594,0.9984929158155893,0.9987956918517319,0.9990293485238826,0.9992427224107505,0.9994205350014318,0.9995657526736881,0.9996655281232922,0.999738164665248,0.9998081870556882,0.9998593043101771,0.999900580856801,0.9999313867383303,0.9999591173714741,0.9999772981968087,0.999992343281553,1.0000000000000002
776А-B2,0.8687055056358518,0.9590100931443553,0.9774835508231173,0.9851588038878294,0.9896798936636081,0.9921966048406029,0.9939991593707873,0.9950747375924098,0.9960576029219013,0.9968041222485738,0.9974351052461408,0.9978944484062361,0.9982661779558385,0.998578671571679,0.9988710385757285,0.9990976950226654,0.9992691369165302,0.9994285112207133,0.9995403238250237,0.999623366202968,0.9997045225648172,0.9997685576467213,0.9998239977579846,0.999873891299461,0.9999101381682587,0.9999444213867895,0.9999669356424702,0.9999808314215061,0.9999906154216399,1.0000000000000002
776А-C1,0.8014477916079462,0.9153551047112852,0.9540486159314109,0.9759050328165093,0.9836314034737409,0.9890268627728714,0.991751749911519,0.9936002958676011,0.9950217181954808,0.9960318382075599,0.9968246299802251,0.9975050245667387,0.9980460203441495,0.9985497431132795,0.9989707975921863,0.9991987098893226,0.9993702915342078,0.9995235018295112,0.9996229516500366,0.99970185872902,0.9997668211996232,0.9998239757275033,0.9998728756897246,0.9999105658457257,0.9999386538083589,0.9999622606679033,0.9999767542098829,0.9999880962336071,0.9999977345904743,1.0000000000000004
776А-C2,0.9188179083412705,0.9820041397376674,0.9925607788577196,0.9952892716258384,0.9969876509647417,0.997787741460839,0.998378141249767,0.9987423912720229,0.9990553826019201,0.9992414568934451,0.999406919768135,0.9995187569593957,0.9996094399209503,0.9996975576805013,0.999757740890368,0.9998027834383094,0.9998437778711291,0.9998757954258535,0.9999038524369458,0.9999294220629614,0.9999464428195863,0.9999560372592321,0.9999652699965234,0.9999733920189942,0.9999813251069691,0.999987790265779,0.9999921826512878,0.9999954929961371,0.9999978908690013,1.0
777А-B1,0.7865606586368153,0.8887528062543827,0.9416078894234499,0.9627757734004536,0.9721360573458542,0.980096032828433,0.9860056998006969,0.989342966505227,0.9915238766243376,0.9935974460521229,0.9950929259129,0.996317743529109,0.9970950333592439,0.9977081178361178,0.9982458497932655,0.9986764684988407,0.9989907531174198,0.9992361868497144,0.9994449440000751,0.9995974262612286,0.9997087087653277,0.999805732487589,0.9998794049950733,0.9999242904046162,0.9999534788130574,0.9999758643703829,0.9999955857838649,0.9999989623483957,0.9999997367982859,1.0000000000000002
777А-B2,0.866919248491788,0.9510014185188468,0.9716617349279191,0.9819708162624586,0.9874466079889008,0.9902320407287872,0.9921405199407941,0.993775859922704,0.9947837032139122,0.9957237285136511,0.9964108981494169,0.997046247079833,0.9974882585883055,0.9978549502811743,0.9981766512386367,0.9984518511157636,0.9986920051099962,0.9989131437757003,0.9990989347554292,0.999273311867918,0.9994363579454526,0.9995653489753363,0.9996614246479923,0.9997427437549677,0.9998157877803919,0.9998831942775624,0.9999248973180362,0.9999587307657626,0.9999851067606168,1.0
777А-C1,0.8510393661821417,0.9332030847127448,0.9726250325167173,0.98328283839299,0.9880963777547925,0.9920156067223794,0.9938689558424205,0.9951334158204787,0.996154082330514,0.9970627599929829,0.9976353533953677,0.9980758689161653,0.9984122295348284,0.9986864969780309,0.9989508311833041,0.9991791031322388,0.9993725347087518,0.9995011567428914,0.999611950895069,0.9996982317205807,0.9997741989255967,0.9998283041305804,0.9998774076470393,0.9999150101640786,0.9999368243759662,0.9999574537450961,0.9999741295416184,0.9999849416397237,0.9999940846491584,1.0
777А-C2,0.9228928071469708,0.9841150531960167,0.9937533009245089,0.9967927551515491,0.9977198801411968,0.9983758674773398,0.9988133901116121,0.9990530389186291,0.9992528635444868,0.9994015712462032,0.9995269792185578,0.9996137088772598,0.9996902719121522,0.99974269150858,0.999784859131435,0.999823858155224,0.9998586272835268,0.999887361275509,0.9999084603275004,0.9999267487741063,0.9999418339884504,0.9999540712225069,0.9999627669331711,0.9999712586219565,0.9999785877652219,0.9999850305181669,0.9999905825860588,0.9999943990497147,0.9999975618430568,1.0
778А-B1,0.7783411811366372,0.9073835326012875,0.9384223420215333,0.9556639137419743,0.9668914892086833,0.9763954490203851,0.9827955469894916,0.9873059859887708,0.9906028635104053,0.9925730925635045,0.9939494265722992,0.9952873468383296,0.9964487703806416,0.9974562468537634,0.9980352590292539,0.9984790029060722,0.9988244971300355,0.9990987498078128,0.9993137042568139,0.9994682703487523,0.9996022901929074,0.9997070746726332,0.9997865917530627,0.9998511698199137,0.9999079285725171,0.9999503438942811,0.9999789259954902,0.9999900821370691,0.9999980822526103,0.9999999999999999
778А-B2,0.8578689865877538,0.9467185603341692,0.9724886437887169,0.9801354552886397,0.9847625476159565,0.9879898971032623,0.9910476478880094,0.9927546446199236,0.9939336806044956,0.9949277656467103,0.9957387817276436,0.9964311486781605,0.9970756380335701,0.9975954316013521,0.9980037616740896,0.9983542870834163,0.9986906228823441,0.9989343770846475,0.9991396545477144,0.9993079276938038,0.9994609689286804,0.9995901754708575,0.9997021096575428,0.9997852045166246,0.9998411197443805,0.9998939798187719,0.999939511969418,0.9999676769763621,0.9999922887877497,0.9999999999999998
778А-C1,0.7914831366444537,0.893664376122259,0.933822530893627,0.9635160885763968,0.9750863746695888,0.9830189606956765,0.9874255101421449,0.9906974255232639,0.9928670027015701,0.9947669907449851,0.9958485675616728,0.9968193550398559,0.9975405466961758,0.9981180188066918,0.9985883088789059,0.9989064642591149,0.9991746085388808,0.9994002913010268,0.9995380415821709,0.9996454936898407,0.9997351444242102,0.9998073913208834,0.9998724200612397,0.999914153621411,0.9999444911804598,0.9999683775576966,0.9999799964117247,0.9999897673945245,0.9999952138410804,1.0000000000000004
778А-C2,0.9294977865404571,0.9729056235374695,0.9865538948230221,0.9909493069301535,0.9936184448758252,0.9957165513854171,0.9966674839779583,0.9974529711657166,0.9980428916911526,0.9983986298729929,0.9987074053492019,0.998944257440399,0.9991255313065193,0.9992908982406332,0.9994362609268006,0.9995698129005741,0.9996753434873183,0.999749598976643,0.9998005974739583,0.9998475250626411,0.9998795100161623,0.9999041583837462,0.9999261299895235,0.999944975081556,0.9999597865575574,0.9999710080932205,0.9999805492845998,0.9999890377776366,0.9999949850428371,1.0
779А-B1,0.7902701626727492,0.9243068386868527,0.948244956698712,0.9617885272534262,0.9727008026022843,0.9797682395290387,0.984803867682768,0.988009497242635,0.9901703732384971,0.9916556283863615,0.9930446650978958,0.9943724242514459,0.9953690166687417,0.9962054163453772,0.9969106567658977,0.9975626925228749,0.9980970675235733,0.9984864180354142,0.9988439849849806,0.9991095694413135,0.999309083048991,0.9994667347680568,0.9995780496011129,0.9996766319802596,0.9997752013915815,0.9998568849744544,0.9999225588286671,0.9999558779615092,0.9999795791256271,1.0
779А-B2,0.8826204037622672,0.9533115447565007,0.9754489056187362,0.9822522321875079,0.9867040649998388,0.9897866622471413,0.9921890575381906,0.9935628528951542,0.9946669372028036,0.9955425141175603,0.9962240828643899,0.9968756856995161,0.9974179916605885,0.9979116447068095,0.9982676824360217,0.9985801397227432,0.9988071735665263,0.9990219588356122,0.9991896870995369,0.9993416761967159,0.9994762211829503,0.9995901172721268,0.9996846012458677,0.9997639916017492,0.9998356180128315,0.9998902129763649,0.9999325871066869,0.9999647896897066,0.9999920849145536,0.9999999999999996
779А-C1,0.8868202738570146,0.9520294815738161,0.9746205487644363,0.9823932317608584,0.9886503139122106,0.9916847985889884,0.9939442971639616,0.9951338469017281,0.9961802397302467,0.9970078473741018,0.9975187699760495,0.9979904213870848,0.9983930712050313,0.9987401693972332,0.9989449626180634,0.9991249292699016,0.9992943721429128,0.9994409110295557,0.9995597414019128,0.9996674760065258,0.9997561193586628,0.9998093621004158,0.9998588078098097,0.9998983069654571,0.999933603832523,0.9999612218481909,0.9999797577680636,0.9999912536347273,0.9999982424369704,1.0000000000000002
779А-C2,0.9025350250547661,0.9812436909673108,0.9908461423595124,0.9951480850861315,0.9966172810320295,0.9974536634950162,0.9980656929333198,0.9984456184674916,0.9987401133954129,0.998989190832729,0.9992080707608777,0.9993446704032397,0.9994573820376539,0.9995548772232655,0.9996343896937059,0.9997064624990547,0.9997629188619632,0.9998108336327665,0.9998523957074625,0.9998908306306267,0.9999155924289143,0.9999370347888222,0.999951547312699,0.9999633336725148,0.9999740873391744,0.999981661946193,0.9999881233726292,0.9999927932187747,0.9999970237435423,0.9999999999999999
780А-B1,0.6701646929530709,0.8070134120411465,0.8932257108175587,0.9368224959417488,0.9555204753839677,0.9671256865914223,0.9755810127110733,0.9819919619317815,0.9851831074718149,0.9880902576952356,0.9905651992935711,0.9921887673870536,0.9936502981137268,0.9948440239693521,0.995904297336111,0.9966405400201646,0.9972934482384906,0.9978115023030473,0.9982421756102018,0.9985938862540245,0.9989311684190125,0.9992238363397525,0.9994459592243732,0.9996088057078852,0.9997260161436482,0.9998159166379451,0.9998947905208877,0.9999427719681748,0.9999769141629007,0.9999999999999999
780А-B2,0.8163556691324755,0.9204683928146601,0.951109597576125,0.9712367975137172,0.9802429200502126,0.9840136045784954,0.986996611669441,0.9896251148296835,0.9916516180703586,0.9931325274701148,0.9942289885340312,0.9952056139842492,0.9960860796792198,0.9968691481561791,0.997441586107473,0.9978927917443605,0.9982848731390178,0.9986150899884032,0.9988970406941124,0.9991596265621719,0.9993753668887361,0.9995204575104625,0.9996407120780162,0.9997377677871098,0.9998074354194951,0.999863274336778,0.9999134580710606,0.999955596989627,0.9999813917836688,1.0
780А-C1,0.7699093101613759,0.8955309738510746,0.9393056575332686,0.9592921377094634,0.9732225521152044,0.979026018906365,0.984074570024328,0.988181260854934,0.9908861830843823,0.992800974904804,0.9942524738760191,0.9954237384735367,0.9964243081300584,0.9972619638760116,0.9978364302415764,0.9983030537937893,0.9986753753573308,0.9989692954698755,0.9991647519598956,0.9993496933619126,0.9995091912548036,0.9996420960730751,0.9997386117427617,0.999816176793881,0.9998907958580042,0.9999384765279725,0.9999686063069988,0.9999850726138935,0.9999973549001705,1.0000000000000002
780А-C2,0.9201136773776207,0.9752010994417123,0.9882463855136333,0.993042775932657,0.9948729081692421,0.9961955624515227,0.9969501716721362,0.9975011787116521,0.9979624221697625,0.9983820193805101,0.9987262441969791,0.9990128639075666,0.9992294593156688,0.9993675954833411,0.9994911444816598,0.9995964382238068,0.9996811667769208,0.999749560094559,0.9997964570354264,0.9998327666359491,0.999867685284081,0.9999001743014413,0.999923848611713,0.9999444961473182,0.9999628519769124,0.9999763114277317,0.9999846609890338,0.9999919680617733,0.9999962355775123,0.9999999999999999
