date,002А-Купе,005А-СВ,006А-СВ,703Н-СВ,703Н-Сидячий,705Н-Сидячий,707Н-Сидячий,709Н-Сидячий,751А-B1,751А-C2,752А-C2,753А-C2,754А-B2,754А-C2,756А-B2,756А-C2,760А-B2,760А-C1,760А-C2,767А-B2,767А-C1,767А-C2,768А-C2,769А-B2,769А-C1,769А-C2,770А-C2,772А-B2,772А-C2,773А-B2,773А-C1,773А-C2,775А-B2,775А-C1,775А-C2,776А-B1,776А-B2,776А-C1,776А-C2,777А-B2,777А-C1,777А-C2,778А-B2,778А-C2,779А-B1,779А-B2,779А-C1,779А-C2,780А-B2,780А-C2
2021-04-12,1.1039157999882045,0.21212685025724212,1.450983541496489,,,,,,,-1.3464901805403637,1.4635177082452022,,1.3449164526710269,1.5909093106131007,1.8090766578860182,1.6851122072932614,,1.7036276541220512,2.5756581406459946,,,,,,,,-0.3159929180778914,,,,,,0.9971203369035374,,0.7543853979080538,1.045639271373827,1.1017169878003692,0.9244785757805002,1.2550591591934548,0.6261132906060534,0.3495837329122856,0.384694525455563,-0.26988741223185797,0.37712259051135727,0.3636624555310234,1.099778523247172,0.4890717855310955,0.7787134777792619,1.0291195287691544,1.0840683782517768
2021-04-13,1.2333119028619046,0.811963289351049,1.1537806372960429,1.2820964216844457,1.4368078218005753,,0.644736178322785,0.7087162833370515,-0.6493628096045431,-0.8685448840396276,1.6128304304333096,-1.3968572473934497,1.135952944459259,1.5203685378836618,,2.088103992690114,3.13297618139387,1.7586798034876112,2.8789912745483504,1.9509756929862878,0.8725042959782048,1.2487086316223495,1.1596625795512732,1.1065361436797105,0.5566833443451228,1.3108026037337726,1.2708276969747343,,1.1118139476276232,,1.1910655619374364,1.637228271432083,0.9870673637669849,1.0004419412705319,1.1172614196299884,-0.0040406628208262815,-0.007497622564291507,0.31597815174594396,0.9520829312952582,0.3932142836145831,0.8212933363272485,1.0829855174505878,-1.3239137758422996,-0.4361913403182158,0.3586878098552949,1.254636216805699,0.7051960060860241,1.0229616639317693,0.246797101246166,0.646559052009174
2021-04-14,0.8750546106977478,1.1592561832277628,0.44502422273211195,0.43450167007866886,0.5339477490451442,1.0939033106960485,0.5897945649540572,0.44350321762349687,,-0.822580802506964,1.3301284064398062,-0.44228479363138096,1.6310423257549642,1.7586166846987863,,1.9325968391649806,,0.30664142376347153,2.4192338778576197,1.6529082665735086,0.4128473381040291,1.4838446589725902,0.39077923534591985,1.4579269615704968,0.9127594359133694,1.2787421481485386,0.7394387051042443,-0.053279813955626455,0.6904740275993775,0.9741556686869278,0.5635390323282813,1.397460206288729,0.8989353680923575,0.8084134910067551,1.197932182997277,,-0.7475179351753443,-1.7949020534809836,0.29549583602069096,0.7933118294962437,0.8040615485794238,1.0527742992361309,,-1.4795185713790548,,1.0289703063847895,0.8542871040926336,1.001383126785612,-0.8511603099640354,0.2937922673038894
2021-04-15,0.5007404118449906,0.7966910338062776,0.2657109182250614,1.1829524521315364,0.7185151941129737,0.5912341020643794,0.2974537615796258,0.6658494218266946,,0.5344533476659012,0.8957245705487314,0.6416825890795198,1.1828490765912274,0.682754292341155,1.0348375271582944,0.9793309826213273,,0.6762365041807391,,1.0282702366069174,0.6290410636003365,1.3066451832591361,-0.09310634749888437,1.4729910626422456,0.9811715198776263,1.0735196688430082,0.09319298435090019,,0.13032678592806865,1.9445054712619234,0.7547211983842419,1.1781224378064465,0.783172744043483,0.4189172510540248,0.7937524138187381,-1.6410954317429047,-1.1060079539898122,-1.2493288730641852,-0.11765435036275747,0.7977404547278206,0.17066381941533798,0.970025144377792,,-1.538012362639339,0.29660736583985714,0.7318921774114341,0.7917594599044113,1.0806549524002114,,-0.31517579142917174
2021-04-16,0.37663383439942505,1.0371508648786578,,0.2716767666738145,-0.3503082727260599,-0.1788328533273963,-0.3495604878358453,-0.11087971159055496,,1.0484396384439545,0.3344348370813544,0.6050854909598354,,0.49970535329867494,0.48968400276375706,0.4478391332578982,,,,0.6233077886250867,0.5581647408430149,0.2470586412628659,-0.9486839671159484,-0.026571268151893878,,0.2455917385606476,-1.2748654682039071,,-1.1258373197602123,,0.2201291597434487,0.33183883139378945,-0.05566157392889853,0.03825084214074001,0.3573485173235108,-2.2462884199851407,-1.3518544030428346,-1.8321087459845686,-1.3843905555462261,-0.13622055098898617,0.3611228912165305,0.2514899501804858,,-2.1686056347321445,0.16032277566050349,0.8885848238532814,0.35924170783576076,0.5073028747031395,,-1.6389859619834874
2021-04-17,0.8762883451759531,1.094323311238177,1.1013406390792932,0.656797039151822,-0.2313835950599993,0.6975389165803526,0.1901271355692575,0.32577668406445454,0.7030345180000988,-0.20217567261193384,-0.4651715496603463,-1.5073830415125051,0.15502775699405788,0.13228101756713326,0.6369461431658736,0.06736189359123028,,-0.2884912656703169,,0.10232964411111088,0.7127717361093538,0.08747559504290779,-0.5271328119589531,-0.025573188089167673,0.1376273465809882,0.40050180298267835,-0.16437942550307816,1.542199831266795,0.7907348836847083,,0.9309454830604209,0.8143434922851711,0.7057191670718508,0.5804810709891027,0.8193094598476183,0.8249241516000372,1.4486735005891147,1.204556321359402,1.0777765926467235,,0.9813402084271686,0.7266325750463747,0.6868678564151753,0.14678945504734917,-0.257978798670613,0.6360153319123978,0.4844778501008116,0.6510133515054002,0.5745801937432399,0.6525337439776899
2021-04-18,0.3090597909309605,-0.9791845505101775,0.23223810183933313,-1.8270777637807374,-1.769266722585895,,,-2.2853900708966015,0.4834413015721011,0.6193624199477804,1.267656220341868,-0.383417579976109,1.5830462508542542,1.4969714230001046,0.7407934447412442,1.5422370846859406,,0.6942768368111146,1.5546347952266153,,,,-1.1991183002955919,,,,-1.204208021516803,,-0.9866195876913539,,,,-1.2106331330723552,-1.8062198825105218,,0.16917379459958642,0.03228893041750698,1.0055571019044034,-0.6859667676818703,-1.1618683648743524,-1.4337655060015473,,,-1.2604591744018572,-1.0163085611945757,,-1.8057274712420954,,-0.23486649466873952,-1.1101120214502653
2021-04-19,1.4978511910395678,0.195153969886022,0.9809295214910746,0.5786566389020983,0.14652233259099007,0.8869674225045409,0.294962228249996,0.6041326221317138,-1.2041171679832035,-1.2801356924975977,0.9678102968693025,-0.6236286070554076,0.6549597816105236,1.060730400154854,,0.9898210809658085,,0.06881335837420822,,0.9615209082905768,0.20275784562467025,0.026454277355557238,-0.47296950816866196,0.13428527714371621,-0.4449734436523596,0.17053440371480874,-0.11601032137798617,0.5183754045237279,1.0008737182143674,0.47921383036768944,0.4028847758033042,0.8976063075302719,0.5835395571053033,0.7617214786102866,0.8599700667325686,0.9735226396688164,1.3076704042757428,1.0124724977762776,1.137146420157644,0.6791730205786944,0.35525488792594623,0.7603296671068442,0.7664408145797191,0.6643477477611514,0.8406756849963826,1.1444635235822602,0.7268361825079211,0.7531491494120155,0.9868704217346457,1.2726023803023023
2021-04-20,1.1398114625279598,1.3284539900646988,1.0961239232644415,1.1328840157719409,0.9358613345104245,1.1457568937420595,0.52901685359662,0.505568054417188,-1.3758462158301583,0.665668489397804,1.1846389530017634,0.9548796920688386,1.212332361104059,1.2963334916037084,1.2589445305254074,1.4099654568100692,3.073137525426563,0.8708769108887193,1.9498943587662503,1.4197682312613584,0.553500033978466,0.931843444908494,0.7953003757644899,0.9117873949839934,0.3151947334438496,1.2389550453918587,0.8783712628207458,1.046455741254381,1.1119806063232152,0.8033520945730983,0.7000520473235854,1.343999187371452,1.0729392557640864,0.411748009689172,1.0782097198273426,0.43506293037023325,1.1678741692970225,1.1322350408040125,1.26003868923641,0.7237714216637395,0.7604516417339637,1.0073764690997808,-0.5342930526078465,0.22599981684361387,0.7122531771068012,1.1599879360544278,0.3887072179126082,0.8631504164222626,1.4947481441911166,0.6766794390779628
2021-04-21,1.3714393625554302,1.192921584352965,1.0958710084472023,0.07540633321903902,-0.5351745325201006,0.8649688030406787,0.4507142747025277,0.6518889777732203,0.20483564187092168,0.6170966114685903,1.1807968655790788,1.176843137771741,1.0589141212876585,1.463599232268987,1.1338690956606592,1.6824874543157138,,1.3476281499051617,2.02928488452771,0.5503270062588023,-0.40669118538551857,1.1357286274629013,0.44487653648522046,0.6556095191824783,0.6340270651654026,1.0662538113711426,0.8619689520481105,1.1461226898548709,1.0772230724725425,1.6541907125553053,0.8028419837932927,1.2944896609686054,0.8427920413528722,0.6029548143972753,1.0085221183156303,0.31697026661799016,0.863212505444517,0.7320600927571713,1.0026390015919533,0.42827852810067946,0.7308074425478297,1.030118040544368,-0.26345481786197694,-0.451640952742805,0.14174399721921507,0.8023285289302965,0.7782036071582525,0.9167005327488487,,0.18850915281831981
2021-04-22,0.11924237902294248,0.9000839791703061,0.2757232850605189,0.39903643317307524,0.7537085799245742,0.9363580607351565,0.358506203475905,0.6474818877269513,-2.3686495477043725,0.4526961362214458,0.503939034390588,0.22998664869088384,0.8272433105148795,0.8167933414005891,0.12615679832985216,0.6281516634355154,,-0.43025734418589,1.0807647088677632,0.5083911405348633,0.39962604284778697,0.9905719526287161,-0.4197874097107597,,0.2311113108387813,0.8825057672772882,-0.3206378268147374,0.7158707615050687,0.16567491814945767,1.2761642357395346,0.6069801209036462,0.967341175025414,1.018042225645086,0.4899388026554049,0.9264541721333329,-0.829306943334097,-0.23441909121045978,-0.5817439945792641,0.28796780238879566,1.031860733661202,0.3064156178714523,0.7678611247709155,-1.778239515037507,-1.2077257866785898,0.3072795282840471,0.7567812061635016,0.41521317782640943,0.9332045455228486,-1.3424876872146814,-0.409934835787238
2021-04-23,0.6333454815640145,,-0.9236189450631868,-0.9847171796804425,-0.32157073802218755,-0.6192454683885416,-0.5446956440364554,-0.2155767575364695,0.2228012691480109,0.44325327346267007,-0.13713655171499822,-1.2467257549048487,-0.8538872498444148,-0.17493715594950085,0.22617182733927552,-0.4223177922039247,,,,-0.3598462991128209,-0.521998013904448,-0.04640429873363334,-1.4448093815944993,-0.3428447379050289,-0.6030484921896544,-0.4722400999301234,-1.4165385974151736,-1.724923642409428,-1.2690667575079757,,-0.2825890222016564,0.11470599153399377,0.21764855495099766,-0.11989178423939695,0.08356378411194548,-0.6235167811480299,-0.700881897291989,-0.7409206197284373,-1.1918164694039715,-0.35072943220773695,-0.19809401336895635,0.14532023450983875,,-2.110742289867431,-0.27617893429938456,-0.0992332385864448,-0.5583007380969395,0.2220683191377561,,-1.750893464555709
2021-04-24,0.6000412987762858,-0.29211893994855037,0.3295737954921197,0.6073183822596343,0.07393662698274381,0.4575485931624908,0.4812724113333349,0.16042301352517094,-0.13040235691487392,-0.4747954118964216,-1.3868649148263648,-2.445975906632589,-0.20242658561033988,-0.4572905445724814,0.37427061973596115,-0.5149371383743583,,0.3400728062050004,,,-0.27150765900358853,-0.4653855384912533,-0.7559211964892661,,-0.6321924993062951,-0.3199585738791581,-0.5218362264542002,0.9547297020191754,0.6026589222820812,,-0.0711760858049502,0.5447676497372356,0.3823275320189208,0.6543700589397956,0.5735967433815607,1.0918990155448016,1.1341149396423529,1.3455642392280327,0.7320923598348766,0.7950595129986517,0.18708085667210622,0.6213548584307198,-0.3995736844825138,-0.4563158733623871,,-0.04902266102042751,0.23776124092804957,0.18923793412159012,-0.14929217054857954,-0.17472056348606582
2021-04-25,-0.6061871859657284,,0.05808607808480103,-2.3494757002915296,-2.200674967842084,,,-2.998707657329714,0.9485153351778138,,0.7656840523748285,-2.1136434284374808,0.7207833055874221,1.04377900476965,1.4384180069182606,1.0730154023579161,,0.45528933862011306,,,-1.8670168384313905,,-1.4454193267726125,,-1.7925117527878127,,-1.491951396584264,,-0.9979439976417189,,-1.5181125917463105,,-1.7959824673070635,-1.8209235963420882,,0.7533923337558283,-0.37177607993112866,0.8554248710605771,-1.1747752639525766,-1.475716909481775,-1.6722701635452952,-1.7384135654307116,-2.0306233624923906,-1.8055925814186238,-2.0378551542367327,,-1.937493501257094,,-1.653591444476621,-1.55490777602405
2021-04-26,,0.45672807734807414,0.8048523432515834,-0.739615466387089,-0.24828170878238193,0.30970419910952335,0.627566147023032,0.5340680516036148,-2.471430942330946,-1.3539133191972565,1.0412248841409304,-1.8051357869052551,-0.10217591676342624,0.7591000634994035,0.7021650658352383,0.8042831256514145,1.8443037690570958,0.2868073991425984,0.7690354243447024,-0.9532695657861007,-1.1709039804975416,-0.37573712421627614,-0.1552457184715258,-0.8041925576860262,-0.4920139201534856,-0.12034128122759644,-0.14052855879493487,1.237480794753737,0.6345141696775284,0.3789768584732526,0.5466353216518318,0.4258906166500897,0.8914580159799889,0.5052159871770646,0.5760114577931525,1.0689819513708327,0.9965326386809842,1.0642377256257314,1.012573629515855,0.6760385579070268,0.35881178940230557,0.5683068702294913,0.573875433611203,0.558576449858686,0.861175554023076,0.5846054459271105,0.13196684880988246,0.8274549933767225,0.59722380431146,1.0945257796541943
2021-04-27,0.200754509800538,1.3051337817788993,0.5242808915386422,0.5949281371341593,0.8489277785624083,1.1224295475831016,0.47782419678742616,0.4654841020968603,-0.9145436729767528,0.04119642170474815,0.9657750485132381,0.8489519907567539,1.0037260143629945,1.4542812788284616,0.4206812044961925,1.4400490892422493,,1.5792639577439986,2.055079675648754,0.33794154496912454,0.47751062068860617,0.5076740284188389,0.500020101786347,0.6384563365294991,0.26194854488462754,0.9339574055054903,0.5449177211414432,0.7776034514763087,0.7904556171428881,1.6098123235480142,0.8269882816526116,0.8523626694502237,1.0676643065318012,0.4672909890930164,0.8912240375262589,0.537520919654042,0.437055302808771,0.5347629159591355,0.8925301104266448,0.9307713988687001,0.4288219905280645,0.819343158652253,0.04287674493043657,-0.49838667498208333,-0.07863344250283986,0.5045321402936045,0.346794760582141,0.837827586875445,-0.09301345058123787,0.6392910599839652
2021-04-28,0.6698526888912067,0.5904346217675437,0.6961805897228416,0.22953439912988852,0.652832594385229,0.5007355408095285,0.5902209635727391,0.005337543973199975,-0.33906925080929046,0.35300462462707255,0.42522041938189675,0.5516236880508347,1.5116146968952258,1.0422612963698303,0.6162618546320406,1.4127604932527542,2.115776908850204,0.3331128890422446,1.0393817888329795,1.7175395574838002,-0.2048034353598347,0.4897231394608931,0.21729738327726228,0.935295979580374,-0.1914226147460187,0.5189037133533954,0.1969121340173342,-0.23403095614807334,0.6271737905462428,,0.7043103123550961,0.730393226960738,0.72049185440389,0.4889606206500672,0.8687698170859637,0.3825345988218474,0.2275756300917161,0.6069923618330076,0.5946063149215882,0.41307483833494263,0.6696263642059399,0.7954832445449228,-1.8136398900727992,-0.6362244103206154,-0.3619945634207008,0.7538596963604242,0.43875524114911774,0.7922094529107497,-0.8504068054365096,-0.5187604659852538
2021-04-29,,,,,,,,,,,,,,,,,,,,,,,,,,,,,,,,,,,,,,,,,,,,,,,,,,
2021-04-30,,,,,,,,,,,,,,,,,,,,,,,,,,,,,,,,,,,,,,,,,,,,,,,,,,
2021-05-01,,,,,,,,,,,,,,,,,,,,,,,,,,,,,,,,,,,,,,,,,,,,,,,,,,
2021-05-02,,,,,,,,,,,,,,,,,,,,,,,,,,,,,,,,,,,,,,,,,,,,,,,,,,
2021-05-03,,,,,,,,,,,,,,,,,,,,,,,,,,,,,,,,,,,,,,,,,,,,,,,,,,
2021-05-04,,,,,,,,,,,,,,,,,,,,,,,,,,,,,,,,,,,,,,,,,,,,,,,,,,
2021-05-05,,,,,,,,,,,,,,,,,,,,,,,,,,,,,,,,,,,,,,,,,,,,,,,,,,
2021-05-06,,,,,,,,,,,,,,,,,,,,,,,,,,,,,,,,,,,,,,,,,,,,,,,,,,
2021-05-07,,,,,,,,,,,,,,,,,,,,,,,,,,,,,,,,,,,,,,,,,,,,,,,,,,
2021-05-08,,,,,,,,,,,,,,,,,,,,,,,,,,,,,,,,,,,,,,,,,,,,,,,,,,
2021-05-09,,,,,,,,,,,,,,,,,,,,,,,,,,,,,,,,,,,,,,,,,,,,,,,,,,
2021-05-10,,,,,,,,,,,,,,,,,,,,,,,,,,,,,,,,,,,,,,,,,,,,,,,,,,
2021-05-11,,,,,,,,,,,,,,,,,,,,,,,,,,,,,,,,,,,,,,,,,,,,,,,,,,
2021-05-12,,,,,,,,,,,,,,,,,,,,,,,,,,,,,,,,,,,,,,,,,,,,,,,,,,
2021-05-13,-0.7424005901074975,0.4467775074025948,1.046545719725666,-0.790899312619717,-1.650308100645105,-0.6456526100889052,-1.5890970119971584,0.35541771954873624,-0.5837351920536643,0.8198827656081127,0.5494761411190862,0.4945249011661107,0.12421582683996012,0.37927855681504824,-0.12711643842849507,-0.3969799033462147,-0.10768654149379968,-1.0145039115935854,-0.22313270127117563,0.045980903853229976,-0.1139265987451117,0.8581774976582086,-1.0259420274301365,-0.24066825381130771,0.1894600404511271,0.7198413046926926,-0.737975816451305,0.26414479045494316,0.708878715150205,0.8335081265486175,-0.4387685420533269,0.9705693758360036,1.0787871474707165,-0.4170606113595315,0.7447172960044619,-0.10183776728706201,0.845783296575144,-0.4393161620542282,0.28559815994178067,0.5866523482483608,-0.06314588390488003,0.6653050635376083,0.3529466890449268,0.8674586436309514,0.42408050738081843,0.22520451347354245,-0.07366669516890587,0.6464313560829444,-0.9327502017390212,-0.10774180127185438
2021-05-14,0.4580340719592662,-0.6292424976162971,-0.5830432926639176,,0.3057456847669025,-0.5223967074657685,-0.16811231887582645,0.5656719943530364,0.6769911320701184,0.929797283595662,-1.110920729661781,-0.0531230677242691,-0.8332446791008479,-2.0282129327303373,-1.7907832510803627,-1.689847328999207,-0.9993579633372247,-2.111635180618862,-0.8689836410546795,-0.3976978447335135,-1.450225593098348,0.08714817051667086,-2.4012255181708566,-0.3828180068454328,0.19204860783852024,-0.0911057141956626,-2.5278438003562167,-2.1449523420430756,-1.6776052714319905,-1.1282798697608205,0.018705951127745486,-0.3152154791400529,-0.0915441458044954,-0.17533681205456375,-0.004481382665041538,-3.664732044909586,-2.1779973846866767,-0.8010927266760692,-1.5460625138608837,-0.27741329370479745,0.04007807192942901,0.1514020063970706,-0.7974685739845109,-0.8452716446184344,0.07742573509369174,-0.39375332248398087,0.11415476053005498,-0.5595034248714523,-2.318772519746008,-1.5686779793441643
2021-05-15,0.3074779960415912,-0.7502591078332578,-0.1917592502152037,-1.2672932051836847,0.8998542462059685,0.1828650714634248,0.29210348808181424,0.06756066809802144,0.43204604200341096,-0.8913789430394373,-0.1275046395319006,-0.8742177899071981,-1.456584365924086,0.08753832006182592,-0.10364307701963132,0.016317026616843106,,1.0614625125404658,-0.30555142402837265,-0.9511852907644113,0.5327289078445917,0.07104112724855288,-0.5572113990315488,-0.6698374148461951,0.2757083406470304,-0.05732873205920812,0.5240719031456544,1.087336362246562,0.7757161106710313,-0.30515645280403647,1.188305310506128,-0.17125627663898474,0.2444810463101938,0.4220764780755907,0.32073029965237315,0.24297327898955004,0.4659688592809802,1.1631885854326618,0.6953736669091524,0.6633793087215116,0.5094927247746402,0.22213806000301964,0.3052049091928107,1.0291718386816258,0.9324591648575102,0.32263942601934387,0.429345872539231,-0.36786256988164473,0.8043456984057509,0.33707106860536135
2021-05-16,-0.385755421420456,-1.8689340581489486,-0.18673406034081064,-2.1107241428923995,-0.2452935156797171,-2.563792318952803,-2.3512932320379476,,1.1625210285118983,0.9950053849542695,1.541822896045112,0.4457784195835611,1.2918421214118982,1.0095737961210935,0.45528979230791916,1.0427634719482655,0.31300381546929734,1.1469480953473477,1.056268476816471,-1.9458225379922993,-2.1866158176560426,-1.9505956177958292,-1.5419010309201024,-1.898705312751956,-1.9800795682620285,-2.2838703415999295,-1.5676404871745808,-0.6103986731999,-0.359073743681659,,-0.9498346033204441,,-2.336395569900937,-1.735512270970435,-2.466620158981305,-0.381802451684114,-0.39595919685117803,0.7682815245754391,-0.4633073211987103,-2.3308876131021075,-2.004418264409078,-2.4542498989407666,0.8070834088932871,-0.4398770979415482,-0.4534244338648569,,-1.9389779016068074,,-1.2079036910715322,-2.0300384777566323
2021-05-17,1.215322810526774,-0.03792269452872401,-0.2010254552106208,1.0102875250666985,1.0107649681117012,0.6150348588089316,0.8192995188420378,0.6138495179644874,-0.385571566502253,-1.3437862907388665,0.37027542639847855,-0.5587758532784591,0.506606712210498,0.7843993182934058,0.35575372381130244,0.5794490278481591,0.682846119906675,-0.1239404065807482,-0.5866922575676072,-1.1093180235660673,-0.9756847812353509,-0.6945639949807634,-0.400117243241733,-0.7702999633367192,-0.7840863485803315,-0.890116128907687,0.07063730810972932,0.6530576596640366,0.8048568524294553,-0.20737136883644863,0.40281847370496765,-0.6758566077862348,0.29036026883391497,0.6068580710095139,0.35603619594551705,0.5194397264212122,0.6320247473559897,0.20165834839962557,0.6836175056494196,0.7256282501340032,0.5679377833050109,0.3208657765165772,1.1131715539105909,0.9650358781183338,0.514983091799199,0.6181486175678379,0.5941969653407743,0.5064557789656906,1.43734266774182,1.1384373522882156
2021-05-18,1.2360981261200052,1.0710859415727978,-1.2339330850497805,1.431616802227851,1.2548184773717355,1.0207011409289672,0.879223107369343,0.6378617565998999,0.03168748879731524,0.5273283143064873,1.3475120099342117,0.640194774053532,0.17766687917814628,1.0886393249137545,0.8602934315153993,0.8546608563440298,0.6702396723584886,0.7135266992303075,0.250933912056949,0.48388311902111963,0.47927900277679997,0.19459921630550384,0.30165998254499843,-0.07693820939283666,0.13797180665968767,0.6185432547727258,0.6416578212471288,0.48804561872352953,1.1194798513149544,0.370874824339858,0.6336553666169893,0.9891277685472217,0.6407533495586828,0.5471273220336306,0.7121454151359355,0.4459819652379757,0.546823854780241,-0.5199816769652087,0.9076840440971081,0.693165285656229,0.5559166412416923,0.8521936966946975,-0.15631443716587262,1.1583368105833487,-0.041649035369857916,0.6935944256805571,0.49618041734982177,0.8748647031146427,0.8123178216752982,0.6572156269679024
2021-05-19,1.1573126689247475,-0.21596444802596312,-0.1331638520242108,0.07392274746005985,1.105734852466934,0.9019629408167013,0.8328488552115175,0.4260639017062327,-1.0349835556146756,,0.9243986803019499,0.708599349495892,0.4556852079333038,,0.3962197045642387,1.139194850279061,0.3745968646062836,0.011786692564033191,0.5125164499081705,0.10285537051604546,-0.4870045406635321,0.7984711118797575,-0.0877075677903404,0.5580303152896738,-0.5051402735143627,0.6524752142363813,0.128636186246666,0.12831740618883047,,0.10713732651927835,0.4055359586398146,1.067649728729641,0.6789542838823284,0.0545070432535213,0.9041429708281302,0.11268618800106016,0.1003278724293615,-0.17394581798421793,0.4407995939615309,0.354717969664542,0.49913074641997757,0.9024430896772601,0.3495012826563144,0.6030208749981514,,1.0892994669631582,0.682272243488331,0.8751055672966054,0.15073575420259033,0.9129067047096118
2021-05-20,-0.8859007851549983,0.6016239361694584,0.17085498334361235,-0.6387662085090358,-1.1554430149196526,0.6888709650532703,0.4616966678134799,0.6104593227491882,,0.8630591218725879,0.30966121155714854,0.3436909520086279,-0.26139087245038123,0.12326626080205065,0.801809384867744,-0.33394841089304117,1.3422435357121094,-1.2861158409027533,0.3150922454145945,-0.21798525946475694,-0.25403509363657995,,-0.589336429289677,0.27219471518295313,-0.910703336319494,0.5049926290935843,-0.4456582532072153,0.06556541397259054,0.42672720970828304,0.7872256962019872,0.7732250597031723,0.8135064312525628,0.1580078660007363,0.34310532236233227,0.6604613488055155,,-0.27203824030937745,-0.3810357561178473,-0.01583516409125521,0.47236257382331215,,0.8399096090056987,-0.37380350531069234,0.48441481678121723,,0.5680740635817618,0.20582576600922278,0.8144984840770906,-0.7655839501236352,-0.48917036243664885
2021-05-21,-0.7146293577223826,0.5332782776648407,-0.8412231195706387,0.1750579534308838,-0.42728764276809533,-0.3067279570546727,0.35621360352353165,0.08054921517129093,0.7942505368925605,0.48272287551715015,-1.16646841821048,-0.13290862938610104,-1.2667047717712703,-0.8051288793309963,-0.7349441394739166,-0.8831335224701415,0.30943672581800435,-1.306543977820447,-0.591637689671975,-0.8010149181347489,-1.1075815964770879,-0.6471909248032035,-2.210401913408629,-1.2300773804898335,0.01693167579541158,-0.5851863687711011,-1.9568918399484005,-1.4247997430994561,-2.0661744199624663,-0.20691881803298692,0.0022832067917066437,-0.36792094139997417,-0.3450982002859175,-0.19553826559212456,-0.09882971961852839,,-1.8990189319169635,,-2.1517122751940105,-0.0002301427334011745,-0.42942471426781587,0.23586689096252622,-1.6361181182490916,-1.5146557609536722,0.2700674184045632,0.5293453793301993,-0.10604607873928411,-0.2748223835706159,-1.6632868662621525,-2.0207958887570054
2021-05-22,0.6660915064976395,0.3387667332713731,-0.6225949803405579,-0.7933115526247942,0.47932830823201206,-0.04586556025428849,0.23542494854928975,0.33646092811138745,0.71156266009115,-0.7250106384090985,-1.8002945919990185,,-1.7295392403666272,-0.28270973453731385,1.0861380306781336,-0.827025671489516,-0.4112799942772293,1.294053707923405,-0.7395880923933995,-0.31208896509025313,0.3700018773794877,0.08099536452619509,0.25114048951495715,-0.5462742880562326,-0.12252863718927184,-0.22421326750191886,0.47883675631273587,1.133421865216677,0.7837075812862316,0.7888992718339917,0.37355157233533454,0.5889106200343314,0.516856902393275,0.37654647321871926,0.34740918420157835,0.8930940214197056,1.1261468782388744,0.673278329422442,0.5146384905536631,0.5102836602436374,0.904526889015802,0.404542790644308,0.25804011377919334,0.5607889763594306,0.14657428335201897,0.35428276907862766,0.25577394537677267,0.23746936545981803,0.5741970944444207,0.5358631706587008
2021-05-23,-0.2811572104496133,-1.875041433343216,0.25100083048611044,0.115916905309797,-0.489771289285812,-2.3158043933363497,,-2.778647969059741,0.6668761953925005,0.3838362957006895,1.5033331502689204,-0.4292219960762899,0.9797381838280151,0.85697794828983,1.6885224172510578,0.9793898987280366,0.14896714567316757,0.7207905379487881,0.912538242533356,-1.8103168299911512,-1.9961486545419507,-2.187696992202986,-1.6359397503413875,-2.0104014156344823,-2.5495151914578207,-2.3125434709649495,,0.13433340854924783,-0.20757056620956876,,-0.9790676638168139,-2.404977171885659,-2.1874222739492932,-2.2452911620101244,-2.4382820381063266,0.3644409396453002,0.13905347432100948,-0.31408813102470595,-0.5808335621034981,-2.098145277431716,-1.9647515143379672,-2.4240082700983776,0.0005156472110236769,-0.4099085830649739,-1.5086245133996008,-2.4456432765869787,-2.849207888123127,-3.059636406284457,-1.381858122940568,-1.8805230050730253
2021-05-24,1.3296268348233684,-1.8400290321116732,-0.22371982360511072,-0.3098423780495256,-0.007999903105777334,-0.291943193052474,0.37250444429581797,0.569412469059193,-2.1137980811684125,-2.004789025592299,0.4053555101598133,-1.6192508176498872,0.41530805173513524,0.8150622794800694,0.6112510201868732,0.7423158585128241,-0.38233951433417,-0.38690195177779996,-0.32854018514493116,0.620797410282686,0.6365676847269814,0.26831138927747966,0.5971982823024043,0.4096142080582318,0.4299377016367923,0.5116887079200582,0.6117827657638594,0.8034361218016067,-0.19585839898937477,-0.05756258610274715,0.3183622273700712,0.21802400575784758,0.385268857608051,0.3954387366976697,0.05121378222637774,0.5506999082314928,0.9201630449027688,0.4328956460508595,0.5062804503279226,0.42189693758945573,0.2486302261175092,-0.09231610367981281,1.0579719867395614,0.9619664580693161,-0.231699758025627,,0.5231893598034824,-0.5164878504908599,1.1339297354133535,0.8518370105421668
2021-05-25,0.9318283808337393,0.7623934421798223,0.2201785423694841,0.44799383493760536,1.0333557257263737,1.0198187147625264,0.3932755457408964,0.5317142579964301,-0.2681017785689458,-0.47924563328663433,0.7680615027502196,-0.37728357215175895,0.17141559091103042,0.5677138613289349,0.5616372462348803,1.0854477180700337,2.0557103034177078,-0.029014679737492974,1.0053088114596933,1.3317391366700273,1.4143477088722185,1.0621954688144197,1.3121457409593256,0.7289703744079348,1.1697653909024661,1.145862877761213,1.1532911684345954,-0.10210294184480906,0.9727743760471443,0.34641116288227314,0.6703184181156059,0.5957409403052103,0.6190743092593656,0.7318085201658641,0.5730043209475717,-0.11177386711871425,0.19401660133592505,-0.46719307491602935,0.5026600935778153,0.8266279114956594,0.7789218805321784,0.7588363876354537,0.22941861236372477,0.6586015996817842,0.7893794868264379,-0.08699707768159119,0.6689922069819937,0.8734552401009605,0.8017067088468831,0.6070954684360292
2021-05-26,1.268490450365252,0.3061236143116472,-0.09408379329383722,0.9761854990112729,0.7076427094519052,1.0220824104497086,0.6916558880551512,0.35026044662079586,-0.9789890729767309,0.13881952103363573,1.0986762317873244,-0.2323595745744877,-0.3341881505878457,-0.25027765567102755,-0.16102951888827896,0.9433761122924753,0.4121605441926489,0.10816843192249968,0.4861766039123648,1.1265915003403555,0.5142638411330196,1.2806604892118876,0.7030967042563608,1.466358485563876,0.9687759965240468,1.2082488502206334,0.4872098393388369,0.031875094769972384,0.2819366335804713,0.15683468830599664,0.6751576211020076,0.9422624210195699,0.611782440210669,-0.21945301431599545,0.6852028823938794,-0.22968785203379416,-1.1145761976798443,-1.664527101483587,-0.07109026897087696,1.1433441752278084,0.5214666117316213,0.28793561536940626,-1.1197671896488743,0.3415146005042783,0.7712388353143402,0.4958980414775522,0.30671398941071754,0.8613528090477853,-0.1530449402938093,0.7853725159741636
2021-05-27,-1.0248087612316286,-0.4744152020074459,-1.6794338864851193,0.2244565951309935,0.7132561951427511,0.3589462191433252,0.4611610727256125,0.5789580068353275,-1.1534657014856582,0.46860473796560415,-0.13225605792747186,-0.09685194786185182,-0.8128704119064496,-0.15912867411523324,-1.0602876276951827,-0.307353367914608,,,0.7295316003992949,0.19206137633613016,0.6466868407058975,0.4914745971599569,0.00929371921475822,1.1221393436724372,0.9514877184959025,0.38650343863046827,-0.09136198618351997,-1.435183792955188,-0.10311810797031003,0.4645982502803408,0.680289906862828,0.5525576905786784,0.22857155826741946,0.4064889813500713,0.35970563074111145,-0.671514166376368,-1.5981081755108717,-1.281708365663682,-0.7045375234633918,0.056555902425116676,0.24934508633299984,0.5040296552401833,-1.0272243476808987,-0.2711321217338009,0.12427078001268405,-0.516788368961686,-0.14088112334028552,0.4982897027246602,-1.8450553924818713,-1.4485933550126875
2021-05-28,-0.14309186914635524,0.11166801672543827,-2.923599323655056,0.7485970535783117,-0.1500070471296087,-0.4737577934164943,-1.2588171347985389,-0.09119470405299503,0.7157632529096308,0.46734158625420474,-1.3854241794062707,-0.3409914613080531,-1.9981795057774732,-1.8702394326945524,-2.2416308287678715,-1.785186101668563,-0.042263975828713496,-1.8389627503178139,-0.9030230943959167,0.1886454711642543,-0.10002318408839272,0.26236314008533945,-1.5440526828901961,-0.49807001628669023,-0.232431113467184,0.11843203511768045,-1.7131731796474468,-1.834939379309734,-2.5197729612481403,-0.7262362235612645,,-0.7410730333408978,-0.4305599580888701,-0.6889883973721308,-0.18902486795177428,-3.1002697528612546,-2.2960358968270413,-2.2774565739678634,-2.5716292966525782,-0.6672755906263436,-0.8323649485580761,-0.23781105377336387,-2.1558424684393986,-2.188708483808355,,-0.4632645462636818,-1.0237859575726693,-0.42570003866506545,-2.404773660838356,-2.4200752371286733
2021-05-29,0.12879929389119263,0.27871751006446965,0.17648494928776715,-0.008664836001672931,0.7188012034245477,0.11939401490347092,0.469213537449118,-0.043784190165575346,0.7852360347750328,-0.5412992310666667,-2.632699316882847,-0.7239455286025619,-1.1400753188491002,-2.335236450169404,,-1.7816809529050028,,-0.3267109884823932,-1.1021637840027751,0.6932409507178753,0.3849537186413467,-0.14919789619009932,0.43329009158021853,-0.08122550540656677,0.5045195743375833,-0.12027826505558359,0.3245799741711818,0.17005322288742675,0.5824678649640911,0.7397456352079608,0.44653374238312515,0.17352124995317,0.5712478966941286,0.5014495661367996,0.1508311167898797,0.23104975036527,0.8259728390291043,0.4542324631017694,0.3201935043432712,,0.5290218316022469,0.31158598075222926,1.0545542771528336,0.577152939766795,0.31274466682202656,0.10629987679780031,-0.5659381696599708,-0.013251398901381667,1.33488527797972,0.2579375388408894
2021-05-30,-0.27724407059726836,-2.1872062764789595,0.4853547767498228,-1.7420004172339907,-2.4767790093957225,-2.474292911640854,-2.828755340537109,,0.7843348634951749,0.43150413820262123,0.927982751697894,0.03233775059801765,0.5282330993984131,0.6917620519549117,1.0287091678489695,0.7569383900862452,,0.033275688319467485,0.23587072436614748,-1.3958939768717629,,-2.112860038760554,-0.6421570523563066,-1.7889531766127156,-2.192060741432006,-2.313820268067731,-0.7023922652205833,0.05796211386449824,-0.6515778295224985,-2.204517289657396,-2.1508155543868783,,-2.409439205984673,-2.124854818337708,-2.5176795423662273,-0.05451495210979138,-0.23573102592352727,0.21398053926498273,-0.6411466411449419,-2.3169452472759944,-2.4395917026685705,-2.4998300898664865,0.670094223974649,-0.44897439674660744,-1.2704180022153424,,-2.9239824957275937,,-1.094891204924304,-1.949597467950493
2021-05-31,0.6740185920379294,0.6122672246284968,0.7632603826549886,0.655839590962764,-2.318750779484043,-0.15463561507125842,0.5625886777230553,0.5936472215261538,-1.5436691824093074,-1.9688444797402846,-0.39316032888203406,-0.7012073547370068,-0.18881692276311035,0.26425826910918754,0.8164494225104527,-0.06580891861353287,-0.4226459457215366,-0.7862587211667241,-0.5559308611446181,0.4454636092152849,0.26526808031275373,-0.6142877823166603,0.29362508940092963,-0.23253886397384765,0.12980791496604344,-0.6161985777058097,0.18798051890277442,0.5946737556780101,0.4440753194493682,,0.06928355267206132,,-0.23772279883421513,0.22559944352861624,-1.114266689966433,-0.366537626780531,0.8832644898476197,0.31374094702540267,0.5851150610913393,-0.5555181636207247,0.11270471873851505,-0.7115066631697359,0.9699458975494346,0.6995097095424643,1.05970859610843,-0.3988084944099215,0.5811554233295407,-1.3650678493685517,0.7642595623035083,0.4818746238577023
2021-06-01,0.507281141616793,0.4944602125328146,0.34903908648610754,0.9250919263364225,0.8488835277991805,1.0776695441752855,0.6795296008770164,0.6102141880732518,0.298358999413944,0.6028892481955644,-0.41207051295670377,0.9898455450313794,-0.23393731329891582,-0.14005466118453555,0.3454023757579089,-0.4023350257249477,-1.2710503250985627,-2.426750582130148,-0.4114282388730196,0.7769000281776018,0.7637308288059257,1.2875361054116126,0.4992998712120868,1.3479721652601855,1.0391611532160687,0.8023853301196461,0.2711965736795241,-0.04588913078888224,0.3930376072279796,0.9675441497832589,-0.21056623149686168,0.8974266161267079,0.6652893091369869,0.48659897003683705,0.08223379954336171,,-0.7176289665969149,,0.708528747372582,0.7469231538986774,0.5821837808787872,-0.012190891040521548,0.2383265052863263,0.5871846109422959,-0.4022796012176681,1.037507946767594,0.5045085441268162,0.3722645890729882,-0.3652882289709648,0.41247823199046235
2021-06-02,1.2218549887278582,0.5132843999531486,1.036978932351533,1.3637261181632434,0.9546613113625378,1.089618816358248,0.7687992692614856,0.5473301423817812,0.5373177923383847,0.9592829970208627,-0.02497446686560792,1.317236307822317,-1.2393236358624353,0.43385628933106124,-0.6957274930799688,0.0767253031783223,0.09654059211418377,,-0.5745663171406242,0.9593166333481623,0.045099989795804825,1.2075807785205743,0.6304916700033337,1.2208279682154228,0.4181815347858898,1.0203701862225667,0.9075596076306695,0.8277967303643171,0.8004300745094288,1.2030303665864293,1.0418636392152556,0.566136733887924,0.9077622631033607,0.6088953460668807,0.5732930292250322,,-0.017774756384267253,-4.000478323163859,0.5771091465851358,0.4580122204402514,0.38429320486024665,0.7778222668425966,0.3590597917502425,0.8134121782862916,-0.2746072522307486,0.15509761462906985,-0.06302834536609636,0.7216670569849195,0.8785134273268556,0.6950455046044687
2021-06-03,0.5429438380286671,0.8468441779928568,-1.1117832913622818,0.49018091121944574,1.2880559503842617,0.43858772393003836,0.5422673861161724,0.6332952983209557,0.6413558335871316,1.0159940393354798,-0.2033471458449252,1.3323927845303931,-0.4385185787187759,0.4584629048890957,1.0120084516257084,0.07306794971435869,0.4669900124298583,,0.2964511890462075,0.3428056618026133,0.27037893557596954,0.9921145669748911,0.6244859653914685,0.40952382294595213,0.4147931316850749,0.28715504341044146,0.2541644614685296,0.9117122833150935,-0.029172765226423734,0.2685324637974982,0.26315032506120034,0.785943908669925,0.3877916210470633,-0.046629190078581094,0.400239394566691,-1.4023429756705055,-0.6449139128226633,-0.2206505430949594,0.13148839814234217,0.39740841771445323,0.25695573294522245,0.5718300769392397,0.4329103877973721,0.4839247572381867,-2.5446345308080294,0.7956104937078993,-0.15383189889439394,0.2591780697741409,0.6370847139277758,0.5586291001234652
2021-06-04,-0.7811622946311078,-0.17141057609993832,0.12062796837180256,-0.6928304422085965,0.2034234871482294,-0.34240478380440487,0.013419932014934605,0.055414074392129024,0.6901939172259808,0.5150396776344178,-0.685977492704017,1.0925819728432262,0.43761842444924376,-0.74684684208551,0.1455681806746131,-0.6384715446466395,-0.271346594810543,-0.3185464073574906,-0.7632678277413599,-0.603129356494785,-1.1710724098356595,0.2972846238012731,-0.9603417155055137,0.08071082787031258,-0.851020507454272,-0.0772517502544054,-1.2823770160962777,-1.42600659473359,-1.9744508076440244,0.6640329849626413,-1.9951327370664012,-0.5922573560759058,-0.6050717176987936,-3.107049964915077,-0.4251584567288525,-2.1126030834327674,-1.859686557988628,-0.13266138084752518,-1.843146378453294,-0.5199455689764335,,-0.3805743606860302,-1.7611313189938456,-1.4210993823403422,,-1.0473737664917524,,-0.8774226715075445,-1.2018818410026002,-1.0702551278002934
2021-06-05,0.0030752424226256074,0.8677261548195814,0.39927150414422435,-0.054727992677449995,0.4202750629963237,0.6238820857931515,0.6388631888378624,0.5339830856668164,-1.8335210298019167,0.033658350673719646,-1.3386036159018753,-0.2609453702617982,-0.1747302046997595,-0.9215976807001246,-0.548968045127876,-0.8023767266310887,-0.6011958388385079,0.7524580195773901,-0.35686972414824253,-0.764619111805102,,-0.38346241776553813,0.047309266049873205,-0.770033126817336,,-0.43082794916432204,0.7488657042769327,1.1181303926687591,0.76172451805941,-1.077824781477884,,-0.41584098342341325,-0.5819482578844178,,-0.31729010447558886,0.4990380198003347,0.5448992906548318,0.4476524193000178,0.7381092341094533,-0.1217633849215443,,-0.30120264583127426,0.582890624734015,1.07226976300017,,-1.057121234319014,,-0.6994408349201843,0.10233598354697691,0.8434290715743971
2021-06-06,0.15830115249962273,-2.0901496003651188,-0.6108742265747138,-0.626669186808194,-0.836571290557019,-1.8716732872429769,-2.0581377166395494,-1.949583125805494,0.5607618692200241,0.6000364325913358,1.0250258078506145,1.0151760730910098,-0.1558228000470237,0.48618289064182585,0.7035523164400757,0.47332507396806955,0.36117787291229364,0.33412755688476825,0.2814649689529842,-2.2032989576323385,-2.5540802746979727,-2.048130190302509,0.12138079838582867,-1.837930081925243,-2.3299521441794995,-2.235162787301753,-0.0766351322136958,-0.19733508624144858,-0.22375040604505653,,-2.535426040569134,,-1.9110451665215156,-2.8147337476240275,-2.21390741844939,-0.27846746234176845,-1.2754896304363805,-0.09487086231350869,-0.5246101543609002,-2.106187858170192,-2.7239008916743743,-2.203284927146438,0.25743305749826734,-0.32490453178865536,,-2.1623993614388106,-2.5359564661842864,-2.540506081323732,0.2248162956256639,-1.0049087110259525
2021-06-07,0.8799817062933344,,0.7826980051386618,0.42249826962091547,0.055875637130338385,0.0628674250716316,0.7554291179627184,0.45382357471895424,-2.089588992415832,-1.8222434292723346,-0.25072157912982307,-1.3337603435263743,-0.3757947434678167,-0.36554884760630096,-0.8719042825097078,-0.591325928553446,,0.35696652473627716,-1.047267304115848,0.45637569934411903,0.07633300622555972,0.00520772142461324,0.6084734806841968,0.8307725152152731,0.5400815444462953,0.03688345554165061,0.6553311700996793,0.07609974732274662,0.5267790157339607,0.4308044836722999,0.020871672725382102,-0.16844607522733335,0.5406863981994743,-0.3070714694513507,0.3726158477114055,0.3270041605080169,0.6167313838164759,0.8266157487871086,0.7908500398632049,0.6696735508810286,-0.6141970554193794,0.4005042136739078,1.0160384758484917,0.9823128885170795,0.9625300462414069,0.6410783343339976,0.6601792350334361,0.41910265527071855,0.8725263451233147,0.9824305748319172
2021-06-08,0.5498844710856389,0.9297804460594816,1.3848113290933373,1.1980711198306888,0.6769427665723069,0.28269431384151805,0.6502662758520305,0.5629271584359642,0.04960040403266971,0.7641436755919732,0.636715232075716,,0.2064821739361557,0.44908578288232154,0.005338320522233768,0.5233665132167702,-0.30181031977614053,-1.1833591196585425,0.1342042217775924,1.4480658524977648,0.06362612444161657,0.9010453649514284,1.2061093578730955,0.3548013007756713,0.8421266695198318,0.6838994386582903,1.1170319218068634,1.080734092417158,0.7564341820566522,0.2433565685532169,-0.6684797708571334,0.6760791501790651,0.354340041760716,0.38108489054277217,0.6601597366273658,0.4483419323943259,0.19571796800812533,-0.12764077956000028,0.7683406935553126,0.7580098026054336,-0.06644661044880837,0.6289637669046584,0.3936611507768285,1.0160475362308043,-0.3309943776996505,0.16621745001055493,0.7186003967398334,0.5504616168729138,0.9470714741233779,1.1684936107190467
2021-06-09,0.48571760644741874,0.7548933632735858,1.186901853499447,-0.17868386059303026,0.4888384266129155,0.849304127177357,0.6020747970230059,0.37844114232875375,0.10031699181027263,0.37981563197590457,0.6493341743136627,1.1190913451815827,-0.2502850247561495,0.7235929760651046,0.3167509492362723,0.8611980033039915,0.20085968120470346,0.36860260336739814,0.2749524129728047,0.8214445779229326,0.5086746338138965,0.8729684393775686,0.9365811499928192,0.4224043226159286,1.1186693749256493,0.9504388256857381,0.8128984216590975,0.14410627933139233,0.6307866192828092,0.17462674977994383,0.6331324168673411,0.3673672997549588,0.5573396003828686,0.008998671086343332,0.5394158852252898,0.21813810653182716,-0.32615437719039364,-0.4165490223734477,0.198727633596462,0.6503255409108573,0.0013293165497606984,0.7433640406850869,-0.24747320137680015,0.5574358295384839,0.6406785613332997,0.5215796798044124,0.33114065442414087,0.7371583938385081,-0.4631375513519316,0.4567583713608721
2021-06-10,-2.4626954128929994,-0.035547686218327976,-2.4732247714835585,0.9872791469942983,0.0013626756906510691,0.16568005792254484,0.08029310361182554,0.24250541526833355,0.9234007280650378,1.010242352634596,-0.7644603137396732,0.7418359321037651,-2.1883486209490117,-0.7392184039640456,-0.8536140315320773,-0.8563562861359587,-1.321410089966434,-0.54009039940518,-1.035189608515795,0.33294640008184045,0.8068855103362796,0.3656993373165256,-0.776188762563523,-0.11848759923490601,0.7270877401670326,0.3082379197490491,-1.032208421917981,-2.257141581963136,-1.1460037240407213,-0.18410076136158632,-0.061793699347057654,0.08451937452061833,0.4652214585246372,0.6527320320014774,0.045169637744274974,-2.9454834985874156,-2.3668167148975328,-1.8826713223275444,-1.9542117470415095,0.10608752976030132,0.48093318256482454,0.20241105086537342,-2.1185610571778564,-1.8311064420197456,0.7063424607531988,0.3249500641347719,0.5022677969156885,0.31336045052618244,-1.8529558980967162,-1.8737868921342589
2021-06-11,,-1.8918575511391202,,0.6912737837271463,-0.7614376317676709,-1.5625872988584546,-1.2582576913597479,-0.703891511230189,0.16296170776761346,0.8468256114472598,,0.28405450672877985,,-3.3092533513265217,-3.049246373632539,-2.5930054698918052,,,,-0.5960564631331858,-0.11074597053535758,-1.4389253893356735,,-0.9489802485105947,-0.014455444920618983,-1.6301497507846692,,,,-1.6847740542530794,-1.453472493000563,-1.796205401349165,-0.842357394980494,-0.635524940512803,-1.544011822515479,,,,,-1.0330126172527756,-2.36587515536531,-1.2689285030785071,,,-0.8415238843353674,-0.8674941303732732,-0.41026891466085413,-1.1009568273723906,,
2021-06-12,-0.3498784079161745,-0.5433707284082456,-0.6288258105105282,-0.24908839237793085,-1.5826887446119768,0.12150511259142056,0.8510376501523269,0.2798208222773706,1.2933914837788534,-1.2262109691063132,,-3.4348205746866207,,,,,,,,-0.23083883572085434,0.711944857412478,0.0671997256050086,-2.616842055082892,-0.09697571301982649,0.8731002165035645,0.22680219589029904,-2.3843478788881365,-0.35451151065539177,-0.8604184210581509,0.6900297124674112,0.8054209310102352,-0.03403546173574087,0.6848276857017868,0.7085414696315603,0.5923703836209049,0.4441321292688322,0.3476329367960356,0.8654592785010771,0.10052674485624631,0.4480182327771052,0.9111766812004466,0.4693631500891417,0.4208338379206446,0.3030210601341716,0.5813709587492959,0.03946844508464698,0.575953666680017,-0.29938660979715126,0.4400219065021004,0.14120737372082603
2021-06-13,-1.0567007079734732,-2.1998650574520693,-0.46217476645933553,-2.104623679034887,-1.226590991929988,-1.8345169091764137,-2.35340935168526,-2.6988135061970877,-0.04189645364085553,-1.8975756969356075,-1.4782574446569474,-1.5990150777724217,-1.0622337971087006,-1.3652980013174427,-0.8233482060608422,-1.078817596831092,-1.1361889295779144,-0.8685753237916319,-0.9600254748497136,-2.14402117582811,-2.6688401941821556,-2.383219634587318,-0.7483939811456144,-2.1869266376495786,-2.5748557459452934,-2.5696171081404557,-0.6965817071608454,0.1468611072045859,-0.4459272762210502,-2.0128142471841803,-2.441889050111504,-2.409396317298265,-2.5799216234934446,-2.663595168793533,-2.5420464423077376,0.6817834755652366,0.527337805756133,0.4441728018098482,-1.1714917329974661,-2.54386535885948,-3.1912004729180428,-2.5410976035687995,-0.15419664341188288,-0.553865373034763,-2.9745983195639907,-2.7692455686884427,,,-0.26373185083500333,-0.8722264807953906
2021-06-14,-0.8152758009922202,,-2.279134335305219,,,,,,0.727746709832877,-3.0797721700254055,-1.0085002043353843,,-1.488882468749747,-1.0371415414999918,-1.1017337332960693,-0.9935904523962645,-1.2273394520202072,-0.31313480458225246,-1.1196631616309387,,,,-2.0102221711920327,,,,-2.4665792076957174,-1.6504805927729553,-2.5391846364347406,,,,,,,0.8689613447409714,-1.0042836649370777,0.1571441402155071,-2.382405514689916,,,,-1.2358459374952881,-1.8223217999883765,,,,,-0.25487537741879135,-1.4948885214724095
2021-06-15,-1.9275477624305741,-1.7955691055822625,0.3790566286475693,-0.6951558646170557,-1.0183027661115571,-0.08439359725716061,-0.288817450899019,-0.1244723280509535,,,-1.1257524711304572,,-1.5069239485420365,-1.105600197483844,-0.916913051396868,-0.0987722339952404,-0.6487991720325624,0.8248003942417843,-0.575895799306461,-1.0517945522786787,-0.700654264058264,-0.8758994655945237,0.40309944582897195,-0.5001762322692284,-0.6904008917376991,-0.9152058566410134,0.4532794125862707,-0.2716590454884625,0.4015752506774943,-1.0494102166687906,-0.07916676656633573,-1.2571749419128038,-0.6850176000723592,-1.0366759059320938,-0.3513081953721782,0.16471437141989073,0.4146052466118905,-0.24002026170157995,0.3803746530985068,-0.35195131669673635,-0.08888030513256262,-0.4699225600069669,0.019174627591891,0.5616347761912073,-0.3687461457128446,0.25624371188148587,0.22284286654219077,-0.07234563208928903,-0.14107049271504285,0.9454512580053939
2021-06-16,-0.7673345222471046,,-0.5317521598942109,0.6783059002268643,0.3964355588640214,0.4500643561259814,0.22005120237274778,-0.22301900860371676,-1.7587868122981944,-0.7196853068190618,-0.35022840228376956,-0.6103949943206824,-0.9761973900032122,-0.6427449888787595,-0.24136137821983886,-1.2575625660622485,-0.1613869806364506,-1.2042501665652052,-0.13342474313656413,0.9547659463583049,0.7944118755546705,0.5369029731430153,0.6636299415012078,0.5716090664074536,0.12376484026337436,0.36094625022193905,0.5931128317869939,-0.3444836742787499,0.5722185642053786,0.3419435569669143,0.799509641257053,-0.41019641097319537,0.5627095732235705,-0.015628726988897865,-0.25429333057734926,-0.6008640960053117,-1.257695956636494,-0.9754322697579644,0.3190742077437291,-0.0629740288193694,-0.931620694385339,0.17645780505120118,-1.1538072518480265,0.2151945468746096,-2.9616037649507785,-1.4231551483828728,-2.366949537725886,-1.1561005801487474,-0.4332151190195089,0.6546134849069819
2021-06-17,-1.8831591267287509,-0.8706561998826395,-2.535901894643399,-0.1861931873297416,0.2682384293585696,0.059934727560498474,0.24046042238634158,0.29613750955230567,-2.2057601631078048,-0.28139358342861587,-0.037140541348988206,0.5695938770281567,0.16620937708320097,-0.7943591191522836,0.2096837489474294,-0.25799214202219806,-0.5430261767820713,-1.212498400234382,-0.35853234996987476,-0.27787851262798274,0.029417972151803955,0.16626333051327374,0.01608797211056494,0.34082752606187405,-0.1288331971326199,0.01629384176147164,0.002187280294505959,-0.2828896583556379,-0.11326310573090582,-0.36964902340619094,-1.2225793252634778,-0.154182220067728,0.11887174944578192,-0.24518261887506568,0.3402603876354842,-0.8656777645120044,-1.3860124866761314,-0.965067972157855,-0.6421226055055359,0.24455722160886714,0.20515614236547267,0.2823041805407851,-1.679192683724781,-0.4032627401195915,0.27259353362872074,0.31190302126543695,-0.023784929596224046,0.15206196106955716,-0.4040650109186065,-0.20290996832923205
2021-06-18,-3.076119737177705,-1.1031121570255815,-1.9365113265869023,-1.6659450358505838,-0.9318161815255397,-0.5188796726626324,-0.10126243537607457,0.13548970556266418,0.5675559024668821,0.6305429662149146,-2.1428205852034106,-0.20280719976721148,-1.9253516785659046,-1.7018298596444805,-2.10392146419103,-1.5812103418335646,-0.745691798161204,-0.9133922778363691,-1.214778897104714,-0.9454756697909067,-0.19920243208954186,-0.6847633693682742,-1.9483543608525509,-1.4249857625184918,-0.6707978422680679,-0.8731507499653886,-1.9799960509809333,-2.0413789889945546,-2.314347312682474,-0.8702097613598587,-1.0268213744404886,-1.0748424278514892,-1.140392983147537,0.19514151792668594,-0.6982115526955244,-0.9995161207112655,-2.1294321229345066,-1.8290736636397043,-2.374370032314683,-0.7114309885480962,0.18427593467695125,-0.7059498772044654,-2.303496391726634,-2.290921714552709,0.8612617371552092,-0.3205638136836923,0.028809611651362567,-0.4254298155882958,-1.0133077380462634,-1.1955012840005665
2021-06-19,-0.7960850158106653,-0.8070341789547235,-0.035951084043109434,-1.1386537965790744,-0.40315260674322734,0.5331292582746957,-0.3883590545115483,0.0465170531944223,1.1943369783235656,-0.2815864795883256,-2.297315784479215,0.08841022362215006,,-1.7955268009318108,-1.0736385422912995,-1.4901089803038408,-0.9826158978182589,0.17889148951541534,-0.9260961249947874,-0.45088721731412085,0.16082383090927954,-0.7528300974465495,0.5741667825670197,-1.1239173803272335,-0.0661322853942403,-0.7243931247995736,0.7737873919886948,0.15692920514761943,0.18541917440980785,-0.6635338344772841,,-0.7431748889129464,0.1363876313107162,,-0.12914909324136523,0.6825837461873373,0.2550297873088253,0.7673443234821739,0.5879605290048433,-0.4408235014158285,-0.11132106768679682,-0.38384580371934024,0.3904792732242274,0.7306926354017329,1.0102058984050282,-0.44205324007740315,0.6275449803715762,-0.7633406495386863,1.479113385002392,0.8676630265232241
2021-06-20,-1.9201388401984536,,-0.983550902428859,-2.6783615448015023,-2.925332605452054,-2.6213538106889653,-2.8165595109444888,-2.9827625768993404,0.9138362757659425,0.4531511753789614,0.41809267570331027,0.9324095798290317,,0.009806512753739673,0.1752183447392442,-0.10083681455279693,0.032411875584712604,-0.31298197446228854,-0.5842074860907656,-2.3258170447917146,-2.2131202845005977,-2.4354916368285924,-0.37642155381762693,-2.058696558091516,-2.3234831136258016,-2.6286177772587296,-0.47724075269359884,-1.004080367291933,-0.667423371327926,,-2.618843947726357,-2.4120273495360784,-2.5469326444387437,-2.956868808277613,-2.5329548118407437,-1.0639666702313728,0.27418086096547145,-0.37414961867096164,-0.25842714908736264,-2.520332167766235,-2.983129981005439,-2.550624342226869,-0.012245851105490101,-0.011263189736204477,-2.5150407918758284,-2.5997389949841208,-2.88075903956675,-3.04104399763087,-1.0391209328786968,-0.5823877995816052
2021-06-21,0.4512793546785362,0.09061389584707645,-1.4027971268210324,-0.2460824205102413,-0.7745213473943333,0.37288338685085415,0.04327658753883817,0.5329887748669853,-0.37620621571640217,-2.047750918273434,-0.8916547877225951,-1.2032689469877733,-1.062192509885154,-0.7407714299882222,-1.3682258470018276,-0.8634684544154898,-0.8599376626072524,0.14520519964675654,-1.5044638031895081,0.1456339006203625,0.23929112958095985,-0.09889431365635289,0.2437646212879571,0.002810403441223423,-0.5068671259347153,-0.0040343656230954214,0.5442165670275793,0.08501617649290599,0.4478385893118508,-1.2483963197589747,-0.5546773636755412,-0.2960638968638454,-0.005938595836271959,0.7036682190299921,-0.18338888804177883,0.3813112139780312,0.7601672425672114,0.17457075105994665,0.6505889890215869,0.22762057354225868,0.11812741465813445,-0.10637363720509482,-0.11028441883434789,0.6839540368404243,-1.1454524550124763,0.3054043001823638,0.4379038609267796,-0.23929357238653728,0.6978897245080702,0.582903946665719
2021-06-22,-0.07809564150478525,0.9393866920123438,0.46045551618304775,0.5867739304219751,0.7630031981244538,0.9848308833751251,0.832306814836457,0.5988524984981825,0.3083268300919838,-0.5754296051096077,0.2861798885978516,-0.6064928277717138,0.4657276796611583,-0.16236826171613655,0.5956182884323828,0.4257289308360224,-0.33301869255370564,0.2750751351924307,-0.31639228213367854,0.29862176343804986,1.393846535690109,0.5923770172555944,0.7481157255718837,0.8804605432560623,0.6974405779468223,0.8034352996962265,0.8970154226109961,1.1001549522148766,0.3037791407025817,0.5210689619415543,-0.021075000387371454,-0.34320708451990983,0.057923851587408745,0.6389529061085977,0.4819361239579505,0.5144346197980635,0.9849315286165343,0.422406626048525,0.5609229580840202,0.8562056397955601,0.6622786171756978,0.46765072300353006,1.0871322481055632,0.7731171814799328,0.3946731792457285,-2.2912864181262536,0.7895028928706377,0.10541940475667175,-0.18458425977960297,0.7641041410598262
2021-06-23,-0.5373623291979296,0.1850137865077955,-0.20630111329168097,0.9070191878937458,0.9410393173351442,0.8718320069583149,0.7298223283803342,0.34247544527753876,0.860210332435006,0.9281265366139364,0.4679852893935633,1.0788323978567063,-0.2875146577335307,0.21632620394495478,-0.17819669958289497,-0.09734416606419248,-0.8423643938304587,-1.5033745180302207,-0.18754641320789017,0.9149354207597633,-0.63613601931018,0.74036742135034,0.9537662359568119,1.473988719281798,0.3854742989063241,0.6674237052523538,0.9182978818980588,0.4418401515832055,0.8340356636766031,1.2732897207580713,1.2394448221052052,0.8616868308641543,0.8598181060358611,0.7377874580833422,0.5107660166751988,0.26103348899104467,0.17430160447113452,0.28932142792995746,0.6329534678518672,0.15695628523297322,0.7915211353442296,0.7225555938208083,0.47453039352325954,0.8323765438506405,0.307374739717207,-0.29457279257744096,0.11913555969178435,0.7145276444022547,0.035517974623062415,1.0242139234468426
2021-06-24,-2.452247632246105,-0.9743653373956803,-2.2608967350281493,-0.09934049776504149,0.20127643513631763,0.17335875631611983,-0.5259156665528208,-0.46679103104402037,-0.8758938462643829,0.6712213496795532,-0.4340177089486498,0.6762126950013586,-1.073742517813647,-1.2813072780939898,-0.6646568615505094,-1.2202697265517104,-1.1895125009435064,-2.026841981401471,-1.259551761257712,0.14228195509298344,1.0525363102198209,0.16211829838406205,-0.29555313538178385,-0.04684451849845365,0.6801143814771382,0.15980739346331327,-0.22179895505795513,-0.3222911768846306,-0.11920984188020908,-0.5792673796087936,0.7359585476606554,0.07636335788816852,0.024813522485278638,0.2603370838730456,0.35066853787228025,-0.7919225643189581,-0.11731282471592801,-0.5561621738585807,-0.7014156626324837,-0.317112314380871,0.386301248993594,0.4111755101880955,0.3964868023648725,-0.2647859780889095,0.8696977448759069,0.6979797554601784,0.5138633148558671,0.2643798180871462,-0.4570531490114297,0.0925093560829839
2021-06-25,-2.489420172618266,-0.8221926284744064,-1.8218915366367452,,-1.3023535291710606,-0.8354091910014443,-0.18592405384225955,-0.8550656782131574,,0.5041736103078598,-2.429931537259988,0.16789960065760642,-3.0124631645609155,-2.3223521915592147,-2.57967926204549,-2.2276259979342115,-1.5724199658801632,-2.330041089504806,-1.5498768281574045,-0.8081342300586817,0.2740193359030555,-1.0912451298006782,-2.0494684711266746,-0.6626333483091651,-0.4195904250021719,-1.0832873389577076,-2.551940765983263,-2.430625197617125,-2.8548439179321625,-0.8883963549098965,0.00753383263264824,-1.3354388949532447,-0.80119274120097,0.011387749445833411,-0.7408142067708022,-0.8146633607139444,-2.0665788219524375,-1.1594637576121622,-2.542567641644224,-0.8312154265447339,-0.2626353331833223,-0.44546630596541853,-1.3260656627226581,-2.075063954041388,0.543410865984633,-0.07187807787643646,0.5075497088247293,-0.25551234031387693,-2.1550486795264194,-1.2280657374951804
2021-06-26,-0.26915334279407105,-2.1650442223589845,0.9150422898812162,-1.0305269975754263,-1.3859697284359485,0.164773603073686,0.28910552154014346,-0.34617989449386066,0.8439524261323051,-0.5385232055645596,-1.4563425490119428,0.11328903998588345,-0.9797963418549565,-1.0611196636876223,-0.6699099139781276,-1.1815046057520642,-0.1100405047284362,0.4386869697714529,-0.49644014971442346,-0.6280766430169468,-0.4313604693944662,-0.5962951596452712,1.2337986691548328,-1.314797393683157,1.1255999520584765,-0.6204586865949916,0.9936230481519822,0.46468393864111285,0.5455138731061837,-0.44337298199566144,0.5576778629433666,-0.5838956554866542,-0.05130595696689304,0.4704920826670295,-0.22953074287128103,0.7802122684651218,0.7703005048641369,0.6738876978478966,0.6237424941314607,-0.7110308875340322,0.2373979344040723,-0.20771110947336005,-0.054209308529603074,0.7033756328354611,-0.35476714259288117,-0.0953938419345211,0.15456928428502892,-0.6590956537403972,1.4056941341635847,0.9568669311580323
2021-06-27,-0.3872525444679883,,-0.5123546361432837,-2.0378891754314066,-2.547732640152457,,,,0.8078679659357226,0.41797249334458575,1.0288411357578366,0.14838146115613635,1.281426673459021,0.9224755682714489,0.8282614006952265,0.7309472617110222,0.9327955371168084,0.7398178655313168,0.0729516066259032,-2.3713724420873987,-2.640350599835318,-2.6482106144888142,-0.24856487520224185,-2.262266675725948,-2.471112528110088,,-0.5927559383077029,-0.8990449791301165,-0.9730105382571972,-2.1112582166486793,-2.640313307448935,-2.4637926244174664,-2.5676666409607813,,-2.5872645932437695,0.744376548114937,-0.19102623908635086,0.687619328296426,-0.39867185705419306,-2.555075027619735,,-2.597861681074301,0.608269633373308,-0.10527270246862233,-1.5572434462668892,-2.7484148967103748,-2.9384265706514627,-3.073222092172585,-0.18838454768831636,-0.2709210515660826
2021-06-28,0.7716310192305258,-0.21499297994627217,0.7335293409900835,0.13377115385060565,-0.010891840214544457,-0.3270984362818628,-0.522116268363993,0.2844189475685001,-2.1158655476291583,-2.2799425737767316,-0.1506162655370694,-1.200476572528215,0.4622153696007905,-0.07096960692336024,-0.6187731937733508,-0.12773354526648403,-0.44927688154970746,-0.8310101833700687,-0.8977690772399041,-1.0348960861314378,-0.2789986600504951,-0.8027030655891694,1.073913688613019,-0.7375967650915008,-0.26886283113224546,-0.8665087006720968,0.900597699925179,0.5388785818985166,0.47603050887941706,-1.0914838202852897,-1.1319617017020742,-0.8527195170259124,-0.38982779900667475,0.37098062252642416,-0.15127844182186126,0.9567220533295913,0.8119675666850759,1.1128565064969484,0.887443668075016,0.2190875695435244,0.02432711575761244,-0.13744246246424802,1.2419824165753184,0.7505107928581992,1.1152913169178864,,0.8141172982977856,0.11358538581687393,0.9510554721040236,0.914774078440461
2021-06-29,0.1791120705787264,0.6294815512717907,0.9463500620758738,-1.6083359051022195,0.2786740900808109,0.7869030047827229,0.4228701579398776,0.6327054381904917,-0.28452090153298254,0.40729425017908966,0.6396588746728944,-0.32840682965545964,0.7529746044120837,0.27979615050715756,2.0327189698103134,0.8130393712291165,0.3346489392512925,-0.4174649383750884,0.5017218672475445,1.0604654262379227,0.9340542592614303,0.90497502236338,1.008708981468321,0.13114919192892685,1.339045615907093,0.7919897732288881,1.0311923406214618,0.9340234350208159,0.212202537987831,0.4953707994213689,0.9015982498534874,0.33358567877487794,0.5614213366285686,-0.03409308572801505,0.4733859787704883,0.9939210948842291,0.5417476898668387,0.893858199705781,0.787351614805772,0.28408331477315923,-0.054083157701035126,0.588426504363781,1.1594835340818321,0.9577617641544679,0.9596505550456257,0.6155307372474581,0.3130976821398292,0.48020266509924153,-0.29654358428996513,0.9918841618082936
2021-06-30,-0.7937619303375855,-0.062273866580722835,0.79208862131404,1.0028653897873694,0.41177678476904883,0.2757477338231598,0.44105622990131127,0.37260313330583145,0.026370697511856486,0.8815635998168534,1.091773770360489,1.1706289859319372,1.3166882082080016,1.1309348194763071,0.984356623732744,1.0514365807895294,1.540945895099933,0.0476075620093472,0.4069113742025366,0.3515635229980754,0.8186920308112726,0.5697158356506882,1.0737054924626253,0.4307671081014266,0.3054807899246577,0.5263496395774856,1.1853957568402873,-0.8067417212657619,0.9520934554613508,0.05979681494583573,0.458559443311093,0.34741713784099354,0.7196154450196015,0.34125331052181745,0.3346645336384858,0.23494182601449287,0.5740613039229415,0.1943797881636541,0.756602707243491,0.651447327320169,-0.2663800331118129,0.3615291726675457,1.0612313317281552,0.6176329236973978,0.949574104503171,-0.9033676362522062,0.725276215549421,0.5102970723417459,1.0944916897650019,0.4599952060436963
2021-07-01,-1.0049008512704967,1.4609771889934047,-0.004722383179226374,0.33050097481358764,0.8596295613856514,0.3647236425273375,-0.2584195732700662,0.6187149688048119,0.25611767068406127,0.46507520583668244,-1.443784236361807,0.8546472838584289,-0.399962460906774,-0.8322869699420341,-0.039093671126701424,-1.1571203963253915,-0.7692647536113674,-0.5622616360303571,-1.0628240323272944,0.6086108161787,0.4470292553884075,0.4961104401497809,0.5776799180797966,0.5066329133725861,0.6321267395561879,0.5092002472346304,0.6076362735280658,-1.193767762990699,-0.09200817846665789,-0.4152291409527157,0.8141240124120872,0.32623878538462875,0.25254591891572353,1.1952345915855496,0.5366627900803653,-1.0836344873199872,0.028267343529001697,-1.620068938950907,-0.20707992265846523,1.154742987805494,0.9967296875617978,0.40782149901555076,0.34988299705371906,0.40517959833713113,1.0468350989897859,0.9286344578958344,0.5067146677882566,0.8419835709268914,-0.17477751156585788,-0.5654268351942718
2021-07-02,,-0.5438147222778276,,0.5390445448180018,0.9307342331227417,-0.4560591258019375,0.342250974519072,0.43090540006020633,1.2933914837788534,1.2052683122202696,,1.246419634122743,,,,,,,,0.32849590774662485,1.0168414309189815,0.2972946735313456,,0.8879384277641679,0.7591145449786237,0.2358081191935619,,,,0.3287153394802013,0.3782754856707011,-0.4267395799362868,-0.8040598167396962,0.49323637196520276,-0.13183139450200815,,,,,0.17435786566234504,1.052455992981647,-0.04485340813984122,,,0.5034284600397633,0.19147553133967615,0.7012670861303102,0.3478395580517744,,
2021-07-03,-0.7654080299338216,-0.4367861981943382,-0.3553648462599988,1.481399165298701,0.006952577374113302,0.29941867915114295,0.3106279594242634,-0.6566830767502577,0.7072870268560965,-0.4871140299700479,-0.4948637186170239,0.09311633337945491,-0.03399385165838892,-0.3331984979220056,-1.3383572586349481,-0.049060567452028886,0.28697760001061895,0.5098764769921532,-0.18341351122789565,0.1186641986902477,-1.015475301594531,0.015040042039936672,1.1798018678147428,0.39896382141502473,-0.48468336380756566,-0.17829504147568032,1.1789473660254037,0.9883890601523486,0.49964477533731927,-1.1533470765912432,-0.4359167272493593,-0.01618658607319935,0.3365389192344258,0.4444988945797331,0.5131385834224175,1.0672992317792807,1.1295708630861385,1.4239904461909878,0.5723007089164679,0.885324429332382,0.879401438374992,0.5168560952300316,1.1253165199836155,0.858987592699356,0.7789237408170888,0.7241084753891952,0.6849815171955423,-0.593619425905604,0.9994712555226789,1.0739794947458048
2021-07-04,-0.5096714142292458,,0.5377560406890796,-2.1096347926924977,-1.209635671766789,-2.4889218118003016,-3.000391467031097,-2.639491399698075,,,0.25805394519894315,,1.5966969850326964,0.10879362776738215,0.37182370173417745,-0.26229818775318,1.1879448210584111,0.7132180838617435,-0.06801496497400908,,,,0.0805365628556125,,,,0.15069369098098048,0.17841762815875667,-0.5224361500680778,,,,,,,0.8295849104741131,0.11313688510335854,-0.8404005978866872,-0.48179812518680254,,,,1.079318120368573,-0.17840243292659197,,,,,-0.4475751296550019,-0.9676722381255567
2021-07-05,0.9484392731079491,,1.283386140256766,1.127299691361554,0.7466397918709651,0.013309698927929504,0.4079135576456403,0.639752873549231,,,0.03831547837054789,,-0.28360718511240873,-0.10918026349389016,-0.3259961037442836,-0.6504264360036217,-0.6540436233208884,0.43149294230772317,-1.066356971103787,,,,0.844689972864503,,,,0.9878342839243064,0.6866597111873444,0.6310971168203808,,,,,,,0.9655773817234659,1.247330608913072,0.6456557990058944,0.8821171926397373,,,,0.8463904070725761,1.034745436647287,,,,,1.0488959006459457,1.3216555676354562
2021-07-06,,,,0.07982133386089596,1.0257710592645477,0.7926952026057607,0.5852270630909276,0.40104578265251495,,,,,,,,,,,,,,,,,,,,,,,,,,,,,,,,,,,,,,,,,,
2021-07-07,0.9653225658896083,,-0.30181162740650497,0.28407187565723274,0.9877060994014071,1.023828227981235,0.7399540766376479,0.5950936545846675,,,0.044102986716260485,,1.3182738322203884,0.8137275436261878,0.4065426809388249,0.8217276586151407,0.19791694387020475,0.4471109394264354,0.7676636329103501,,,,1.2763992698933742,,,,1.1174037016862006,0.8208223943850737,1.127673908717425,,,,,,,0.7422341171073037,0.9525247908818054,0.3707760342999124,0.9900111415393578,,,,1.0930733785803455,1.21445637023941,,,,,-0.05587601957358719,0.8367850022865037
2021-07-08,0.7490920060329678,,1.1311744853234174,1.063167472981513,0.5838928146615323,0.3831349123379031,0.38362572374740594,0.559920668360777,,,,,-0.11808798959194457,-0.48847684234735145,-1.0224784381312593,-1.1502628904291157,0.6016354606902338,-2.086506113108884,0.3742103088877918,,,,1.2584885715794913,,,,0.12634815982969796,-0.2000715169407496,0.71128570254743,,,,,,,0.07846744226931,0.04130365078612452,0.6855882788717783,0.4379884095416894,,,,0.48908343472118554,0.7645656581672571,,,,,0.07844967161031598,0.03980516276063626
2021-07-09,-0.401735444864917,-0.10896137417171316,-0.4465091579004264,0.43872743711187207,0.4772360531126931,0.11208394356151213,0.4698084496326206,0.45011271029293537,0.6336233798643284,1.1200544108420898,0.06762565712175625,1.255427396212124,0.21293090227632466,0.28365530071337397,0.2878028412314196,0.04981001923344787,-0.9170044598423002,,-0.5873566164956342,-0.2012588826463413,0.7595148295795376,-0.030388864454547027,-0.2572145440990032,0.22882931311797017,1.1914275424179768,0.03686294894602907,-0.5682100430608352,-1.4941348209782408,-1.595895030600444,-1.3733784031188665,-0.12999491293008672,-0.4811824239717161,-0.19069505175432444,0.7502869849951744,-0.2004102222143905,-0.06927334354759318,-0.9629301422022708,-0.40680185799172136,-1.4207368512337641,0.5755644959554751,0.6745806721521632,-0.0709364562119221,-0.4798030692747452,-0.9878351903927314,0.42132736284851297,0.6321221530446345,0.24674958797214316,0.16126048373746313,-0.4010962721021037,-0.13234313255279012
2021-07-10,,0.63806357660578,,-0.1578008577987636,0.37161966808252656,-0.9183606538547251,0.25224364920111975,-0.4044144792029684,1.1614501749479127,0.7568252297788274,,0.636640623275105,,,,,,,,0.02120925335606659,1.2449595031695908,0.36951286930680033,,0.8771199006957124,0.5781600551951295,0.4642559595962407,,,,-0.19796159520400525,0.6476274128241738,0.4116711168486661,0.7441469176455943,0.8020990846504054,0.5546393436672814,,,,,0.37300789992836897,0.9653457668679216,0.5068033004508251,,,-0.8769557274719446,-0.14213594666380608,0.05090624296819103,-0.1579009180689796,,
2021-07-11,-0.006603208854395808,-0.5176287181785914,0.29871593181354017,-1.1440891471382841,-1.59280584685563,-2.3291199182071027,-2.842769544540757,-2.5311144757972834,0.34930289779253015,1.137503280799098,0.4934199922850341,0.5311770299840117,1.2540241811575985,0.3605604082038342,1.2432000946206478,-0.051182049997732855,0.09103525252566666,1.6952983649136995,0.8892049328866328,-1.2887175544281624,,-1.3549434222660106,0.5492823422964088,-0.3194670374374475,-0.12175126092272795,-1.5784674110156234,0.5478087447729946,0.06882700547393676,-0.15188418410052076,-1.6663810819740479,-1.69600425010366,-2.062508407722543,-1.6676569274346058,-0.43109544344814354,-1.7794633907516555,0.8310379827545519,0.8859574584678358,0.8016481725991939,-0.01058132165832169,-1.3630722853657504,-1.3279049972913206,-1.797735128486723,1.0970918883187002,-0.006667595808689533,-1.3113654024931856,-1.2658771846148693,-0.6006054801094811,-2.185519835420022,0.0018809165951399543,-0.6128702881183306
2021-07-12,0.682562521856139,0.8565174739855057,0.5631439002962667,0.03801761734208225,-0.7897942659004448,-0.21528519033390997,0.4137223043192154,0.33755934600986276,-0.19573630275856943,-0.974380360284946,-0.03718968685369136,0.040416883665115304,0.5415712079821856,-0.1582586083964897,0.6890555228385935,-0.5905226282452501,-1.0747103730699097,-0.43083849487837994,-1.0511679037046342,0.35016103589606273,1.0465886020281756,0.5827734617911741,1.1481139891303709,1.2124113261377714,0.1702524405813356,0.6644781479451288,1.023346179422562,0.6503200985977288,0.6920762940064471,,,0.0908029670226065,0.7560229284165787,0.7455125240195148,0.06888077580118478,0.8423463369352355,1.226096312290839,0.9641543630082633,0.9315576379894798,0.5778741607462483,0.8597643721306678,0.10255742741401738,0.8925300439021098,1.260545515405223,0.27958150208873395,0.7669195513553858,0.7366487149351145,0.324269966368136,1.1731071629248915,1.3587045799602793
2021-07-13,0.8730914387490034,,0.6648317767668548,0.9142026390505572,0.7555103860597809,1.1748243606819295,-0.23671037498746894,0.5739687514843738,,,0.83328965668956,,0.8099383347839779,0.5924449909159962,0.5027759510778388,0.4752076984603593,0.82991092658892,1.0323820443794753,0.49142534644149083,,,,1.365671452543918,,,,1.28540386289464,0.774553918347245,0.8463187224061897,,,,,,,0.3514821791866875,1.1472898059086871,1.1597926283672335,0.850708028175899,,,,1.1043072160035297,1.2224523277809451,,,,,1.2603517460764468,1.0769193111124464
2021-07-14,0.7070757012995971,0.9311531670912276,1.2101967299903553,0.5557542372126095,1.1788839268827358,0.33574110349283787,0.7113960830355889,0.6253841103485113,0.5982882365125107,0.8736492148508292,-0.16050062521732006,1.5961170113830176,0.2061136415574871,0.5713949346368713,,0.6111789787751853,-0.481235565945009,0.36292944685113104,0.8579073628457221,-0.49861105961047886,0.25433226467664405,0.8401969836213566,1.3462013405251798,1.4039762789726675,0.765801591301819,1.0503014929006025,1.1545977635428513,1.1285738681840614,0.8893746103596053,1.1357592195232167,-0.13625282723201274,1.0871924039733643,0.9943045389076403,0.9137289658408133,0.72934501331354,0.19309282915833062,0.8988627280583811,-1.0153210504300336,0.9162266097832694,1.2919912326225638,0.9981030784380879,0.5456159805489629,,1.1581502839105973,,1.2111242809523146,0.7635753734114404,0.5205680112422783,1.2616357122365853,0.8174741930062145
2021-07-15,-0.7371899622079033,0.6154233652907305,0.22882465333246568,1.0295206125308085,0.5066451741867607,0.41891110439936957,0.05454237686060136,0.4799381846949804,0.7503696102991987,0.5753173410434896,-0.2029650227566225,1.0317298421888297,0.01234446735897474,0.3571378941986226,-0.25988669099544826,0.21128717364721222,0.28619802104547476,0.12681146208340063,-0.13772547793175816,0.6769249375632319,0.7970805593600655,0.7466944395664274,0.5637497363244321,1.1396720497892743,0.8992445465548652,0.7656433983766694,0.3132838714776615,0.7726677806270477,0.25051502451177243,1.4101863568540816,0.9372840604433225,0.6820296593129396,0.9152461046625503,0.4599926546650643,0.7155699452129795,-1.0616783371899565,-0.06203923678862393,0.33170610256082905,0.3871791848504501,0.7899601871506118,0.28648585345575606,0.789192834446754,0.8415508966050731,0.8147686960642236,0.7482063630935075,0.20009486910989074,0.5476637070477407,0.6854007284757189,0.19275025720060596,-0.10264904188599139
2021-07-16,-0.4974798420497185,0.0036673971238539763,0.2519661638331166,0.4974122954473225,0.45187264232016316,-0.27010948048522265,0.3922633055927228,0.5559641027410999,0.8475361213352667,1.0242380424422883,-0.09722873810603226,0.7644028464296199,0.45471220303667853,-0.2711658606623066,0.24736045949771343,-0.977930931521505,-0.9227508226732664,0.2574770934456968,-0.8497475963088037,0.7053650953662838,0.3698053316129453,-0.03660344493679245,-0.49739763747361293,0.3556191860210451,1.1068417123742829,0.19323458723091286,-0.7900375077626253,-1.9483942202502882,-1.7211292029301335,0.15701966402956283,1.2875759285857296,-0.6841981486051176,0.10195199505360555,0.42160568853134445,0.05026349925982577,-0.3747185026862592,-1.0598284186157723,-0.05576594966960102,-1.653358832979859,-0.5247880856911383,0.6962730253254752,0.24643117255646824,-1.3605446289363383,-1.1254780428333557,-0.5290001999748685,0.11622902106058579,0.5371275580207443,0.3760566186665134,-0.7490831223722327,-0.3926284387914492
2021-07-17,0.14627544083744232,1.1727209950999624,0.2415781145187002,-0.39168602662400936,-0.12643330062382752,-0.42865188623270994,0.06197391742530934,-0.08412672520575347,1.0114854701409917,0.4471628598025255,-0.9948618925709417,-0.0490943103414554,-0.7777718437805392,-0.7207182566366221,-1.3520973150385873,-0.7061703884451841,-0.43999604731748204,1.1549368585673045,-0.6708901790463649,0.8683820594988674,1.2375331727341399,0.3576800849593185,1.055430873760507,0.659028870402221,1.2039342946347362,0.5159806545636416,0.9024510873059269,1.125771197857701,0.6585983852671015,0.8064299660194209,-0.01485120978909346,0.6532089667926188,0.22053787852601753,0.9495721241864907,0.549325713008503,1.0503744253979368,1.2578355026409571,1.227919697920533,0.5322962711469466,0.603294913746974,0.49655473414327345,0.5369257394355208,1.2850018380829122,0.8099438882299027,1.1306166332310414,-0.51630934947933,0.5725682264740278,-0.030609826917862282,1.4245409883661806,0.9593260504550293
2021-07-18,-0.30385699731558385,-1.329096519699555,-0.21255039198282952,,,-2.7062261840060438,-3.10430795914687,-3.2129991098814052,0.49328768017545616,0.7338631284835416,0.5015588425238696,0.43526108591491325,0.5168512861831095,0.2339049277151371,0.06466130783331507,0.009213578057534942,0.15417138716954243,0.962375724328741,0.6694938422223546,-1.5383491301033727,-0.8956571963300752,-1.771055086984501,0.16142731045617092,-1.7576333177616126,-1.3852021962387737,-1.93832733283466,-0.16631774647194955,0.12760645595730688,0.0003434044569362625,-2.100172782306449,-0.5462560836053303,-2.353821376230307,-1.9193917196895747,-1.1856778819601121,-2.221931079562618,0.7173818080680174,0.3965415888121703,0.45824385430361997,0.012532111405439162,-2.0580375490715763,-0.9301802001194965,-2.251955291812626,0.4634647598290131,0.3493659861628686,-0.18851287311450152,-1.8793106387784337,-0.8787815242291173,-2.4347520617446596,1.3084118983457782,-0.5615794028724862
2021-07-19,0.6317986761998233,0.8278721297290571,1.1782908862327348,-0.2138892074497664,-0.3093747568679039,0.029077107557375532,0.632208209330077,0.4653935446869042,0.1759040016973124,-1.6610961859281088,-0.039976419295775695,-0.7835842219174923,0.6453214598166249,0.10440033963321811,-1.0085896091005975,0.09326504031656473,-0.9301378978655178,-0.3942678634023343,-1.3276537636972627,0.937758429861718,0.9479741738535576,0.526744006253889,1.0720567476600507,0.7796627486652092,0.4779394577437666,0.613209651075648,1.025105496233091,0.36945519310204783,0.7250304054158261,0.2590305298509532,0.33646261716379694,0.015654009301931865,0.4259214176870042,0.6956899102172047,0.2168399247229175,1.0413184889122835,0.8395649778223867,0.8444709773098521,0.7233748990550583,0.8287991478953171,0.5103833834597818,0.26243562530406594,1.4104188034150849,1.0617351330355649,0.9739067750609349,0.49581492413394845,0.5036239726479341,0.21804905057121984,0.8967880813369192,1.012839678220399
2021-07-20,,0.9330439336507127,,0.27712483002623334,0.637875278121583,0.9977977011712389,0.7063389443741622,0.5960329338098587,0.18370745957168963,0.9316907065590362,,0.7208493261452895,,,,,,,,0.5114390483517334,1.5016133791597792,0.8644121951992743,,0.9756615209293781,1.328806020488151,1.0827068944801153,,,,0.8708298555792425,1.2366483352876807,0.3380895867694374,0.8457815022203896,0.7408761273992394,0.5996719542315101,,,,,1.2712130582441172,0.5107378797314575,0.47594460819194523,,,1.1892685593082764,-0.13311422824034508,0.37163736241593837,0.4337811921637499,,
2021-07-21,,,,0.7916035961727911,0.9512640947824091,0.35648206692211154,0.9096145559990052,0.6522383948788691,,,,,,,,,,,,,,,,,,,,,,,,,,,,,,,,,,,,,,,,,,
2021-07-22,0.5711490972267224,,1.0746260864531922,1.3066559541600946,1.0105301769983617,0.5537249994708923,0.25225195688848784,0.676314736074024,,,-0.45160659978011763,,0.045088694309168086,0.010034524785938246,-0.10319728445272877,-0.3322140879066068,-0.8021165559599251,1.9134053360258585,0.28919910582087405,,,,0.8503064520756437,,,,0.14990546305024968,1.1097028830139404,0.7938877638377251,,,,,,,0.1254334677084296,0.15345119477082708,0.2834997066586946,0.1530942445455398,,,,-0.4084972744493372,0.44365808474731494,,,,,0.11176160156322049,0.011583196286850912
2021-07-23,-0.7749008902196562,,-0.82290473786239,-0.5742481381244289,0.30181800622526284,-0.3738427814030539,0.24539232039263847,0.16918813035057978,,,-0.022299019670072376,,-0.1507630592756589,-0.25317381951206436,-0.8091010195031152,-0.22737796659179346,-0.15229371834455924,0.22462980123890594,-0.6803100489624214,,,,-0.5229619895698752,,,,-0.8279196239348586,-1.6442565667520037,-1.7556920309580732,,,,,,,-0.5055376656951553,-1.552582535354666,-0.6777113581496079,-1.6642982812869414,,,,-1.3703449974057522,-1.350028424387296,,,,,-0.7818260036457243,-0.6169705166222814
