date,001А-Купе,005А-СВ,006А-СВ,702Н-Сидячий,703Н-Сидячий,704Н-Сидячий,705Н-Сидячий,706Н-Сидячий,707Н-СВ,707Н-Сидячий,708Н-Сидячий,709Н-СВ,709Н-Сидячий,710Н-Сидячий,751А-C2,752А-C2,753А-B2,753А-C2,754А-C2,756А-C2,757А-C2,759А-B2,760А-B2,760А-C1,760А-C2,767А-B2,767А-C1,767А-C2,768А-B2,768А-C1,768А-C2,769А-B2,769А-C1,769А-C2,770А-B2,770А-C2,772А-B2,772А-C2,773А-B2,773А-C1,773А-C2,774А-C1,775А-B2,775А-C1,775А-C2,776А-B1,776А-B2,776А-C1,776А-C2,777А-B2,777А-C1,777А-C2,778А-B2,778А-C2,779А-B2,779А-C1,779А-C2,780А-B2,780А-C2
2021-04-03,0.10371458882089211,-0.6587747015983755,0.8948190970766352,-0.7544274400342472,0.18853502405500022,-0.8806893165151007,0.4942146423523532,-0.040845377029248904,0.714968042823162,0.5696120261860718,0.610782339662666,0.38881401899250273,0.4424825556831637,0.0942924031760336,0.5141544521622936,-0.6223889618131867,1.2188102749198428,0.5086357858811894,-0.10075676852815153,0.09424056511678679,0.2480247147073533,1.6531567587598128,,-0.1957330604137881,-0.3785596445265904,2.452075463395286,1.5274458033451483,1.6927726853669296,0.7709931578753834,1.955472703948948,0.8375613374358294,2.0035820695383295,0.8050768434543952,1.8460321040459737,1.3908620241815903,0.7134836668084504,1.5014532542251744,0.8927545834885547,,0.5713978207411528,1.974760242316295,0.22687223084946564,1.3310044726993522,0.5825306771672292,1.2043218820607593,0.9104183722393209,0.9338118717480483,0.3189537610756823,0.5464802650182476,0.7360683607243296,0.7132575251583743,1.1200143047744615,1.3668306554178065,0.9318202840165374,2.199995314421642,1.0276601325003238,1.3728060510483886,1.6440320123130072,1.0761905042071658
2021-04-04,-0.5694969435340509,-0.4155039868522765,0.055965015539158953,0.6620360980210829,-0.5400100568007117,-0.14145836981129167,,-1.4836000563683818,-0.9920783295046792,,-0.5934342732492539,-0.7297481891834334,-2.4952658878628298,0.12107868581649874,0.8865239650855568,0.7318551604144362,1.6404698675516627,0.8009433284829939,1.023317221256832,1.3371787516902098,0.8915005113411358,2.223957887260947,,-1.8167186250575729,1.5426658956776524,-0.8491410443896378,-0.33463828387372113,-0.7542179521523645,0.8729686849481312,0.9477593094018101,0.46299418316778707,-0.4945373410675609,0.060226601891594886,-0.9287913546220217,0.9860391424252333,0.3181185610950667,-0.794847598914023,-1.1196272209339637,,-0.6117971662047893,-1.5215698679447316,,-1.3050710902950764,-0.0787284822087392,-1.7030978368641996,0.3192841570359297,-0.4922839174911105,0.2883515146309386,-0.42802694059580304,-1.5088575059649738,0.12763293316454483,-1.5886514798262956,1.6391638299007092,-0.1432031318458182,-2.286350209571467,-1.4410728095196659,-2.634872335787171,-1.070291101913672,-1.042653361541425
2021-04-05,0.46984963058122586,0.4409456072119609,1.6996527848347267,0.014297642766017112,0.21584157585813799,0.08379999831745244,-0.07429310475742802,0.5299218795433004,-0.052236426386146624,0.09394905689483263,0.012887097613961809,0.118411657332429,0.4865115314771635,0.8957054368406818,-0.2759364355743501,0.7461684356334521,0.17010628873704567,0.4151557619375925,0.6683799197377854,0.6104191452998318,-0.02036186061041339,0.3830536840767603,0.30578281321647804,1.2515338332465424,1.018367765356265,1.4884475484294646,0.14478948372655961,1.05140023415859,1.9648161609710424,1.1428206793441384,1.194863493964833,1.2691317542749054,1.1997187177356619,0.9702771963455147,2.1317795572725062,1.1085234601164309,1.364060801028134,0.9878265991284315,0.7679721224264419,0.748902877984411,1.8574019473603078,0.6436105096093779,1.050698715727885,0.48905317997977504,1.2401207219606523,0.5070142123872478,1.170035314637775,0.7285836053716689,0.7657767345640577,1.3424585719708213,0.3093592970968781,0.5560706210868425,0.9750300346947707,1.2768161964100067,2.0068996328106508,0.10062097987338083,0.8152065683697203,1.73079118392696,1.2865215264998864
2021-04-06,0.4582184344932217,1.445004412750251,0.8577811630305523,0.24686760746245973,0.4985279568461318,0.30629887287570523,0.9081469571042873,0.8639096554843056,0.32949499850270847,0.6509137534837376,0.8710659207066661,0.4930267834331429,0.714246817285652,0.9390006117096825,0.783147659572885,0.650976874550977,1.08265938735042,0.9006321184821252,0.9232620968374813,0.9401090894721198,0.7881326619721314,1.7940072399279603,0.8101925501048675,0.41916515897755596,2.2076749144861507,1.7655624059191926,1.4668727068326841,1.4821923283051452,2.1731502603646717,0.8456536726295075,1.7390569596890304,1.079110686560594,1.378635079350223,1.5475732426687658,2.664769576213524,1.5442115419287437,1.1153394574816033,1.202183994227021,2.3340444867625685,0.6031694970056173,2.5295637988251864,0.32141482578478564,1.3362269860396192,0.38292655002926096,1.4592437554855637,0.6694497357360125,0.6380779467803747,0.3887893959292081,0.8028770135765185,0.8781483400225052,0.7720843600624445,1.2542183592585932,1.1177001590290325,1.2331574875762028,0.11259962617176254,0.8094983683642383,1.0804653557252895,1.1441590821978393,1.609841095256341
2021-04-07,0.6339668710992131,1.3079888606134162,1.546588733482687,0.482798028980848,0.6559907893618131,0.5270607659843375,0.7260358027019878,0.8066189947903725,0.5620138652489839,0.41959945091219314,0.8998254676996127,0.5589409683969399,0.5871864259425169,1.1561680234844016,0.9204675762244009,0.6191730511270549,0.8906336481747961,1.0017894884804974,0.9645682865732217,1.18141077812317,0.8521372355867405,1.0915805644211118,1.7301274323308888,-0.890576775984277,1.4730279293411996,2.4998584131628117,1.2553887140849718,1.602956725403735,1.4090801506136525,1.1647449369608667,1.4876578795990552,1.9788090895555088,1.2239968470503018,1.3171973807560478,1.803381506974118,1.3137681082982076,1.54911544538886,1.0698774774248547,0.4775293981501269,1.1573670011349129,1.7190952932836148,0.5880485023802133,0.9270698764594305,0.7371514544444185,1.2798175969191556,0.06804380768247906,0.211400363960304,0.3890184993207954,0.8106664978690581,1.5751947859965607,-0.16437848291718685,1.3665034348950866,1.322688834554656,1.086198667461706,1.7242987853200704,0.5682673981521326,0.9856048982443505,0.9878334159914066,1.2165742260673984
2021-04-08,-0.1445977887415754,0.002138262826801187,1.6522210644185513,0.3123807570851636,0.6637028929072145,0.8292872519467349,-0.11136826505512191,0.6527687227108062,-0.5689428413790564,0.20824332507045173,0.06558571390328731,0.23587753779088727,0.8008033413329219,0.3344953782470433,0.9088826360994692,0.25932468790348717,0.8762874362378201,0.9311784652309266,0.5601394164152964,-0.06057532219601391,,1.2244879378680245,0.8682735712532723,0.6498558492990668,1.1492333286110452,2.1157544184625623,1.4672972011691061,1.1040624342610053,1.5173957875642976,-0.01727852108051414,1.3510448659417496,1.3532638558385441,0.6609428723283546,1.189386217901523,1.3766644256121816,1.1420414194095445,0.6887215765198814,0.4995866114393227,0.46633718761500287,-0.0699042288863421,0.6327113737691681,,0.32009353361718085,0.06550166958532729,0.9180320378620416,-0.06072055700757794,0.30780977909322765,0.3200707551202843,0.29534819104244925,0.8688244270733425,0.6777744472525292,0.6726919792166279,0.5891781659246857,0.8637829765027916,1.2426090550395972,0.6787418865655899,0.9304074936632315,-0.3405973840741167,0.38575026351241126
2021-04-09,-0.7094076364710311,-0.9077796128363143,0.26496031034331874,0.03977044421157585,-0.19141438758025212,-0.3581045660946222,-0.9983547272334027,-0.5832738214185804,0.19907976831868157,-0.45322656679355555,-0.772829403642348,-0.022419992651304177,0.4133887940869947,-2.083412260787946,0.5662020739131072,0.2791935914708421,1.0262243496487486,0.5765257973729484,-0.0010411227096620312,0.07899973067188501,,-0.30634983348403666,,0.655113090380332,-0.1513302743695904,0.38944378221464754,-0.3147426384364011,-0.13548214988811594,0.6207120685430821,1.018709705630956,-0.06604079128497621,-0.07712213135900192,0.28450761675147007,-0.1597780458498465,0.26173572113644095,-0.21990215773966434,-1.800240095341377,-1.3924535464178833,,0.13713435520238396,-0.4621966108259846,,-0.2657119608038147,-0.4154041093923335,-0.47959214164323,-0.6380515406536933,-1.0063090434866313,-0.008189936358613136,-1.0745789286555072,0.4700722187114629,-0.8069083666029457,-0.30731233815324527,-0.14786792286352224,-0.6297252256697423,1.1331284858429134,0.38077952255652575,0.42071917347714105,-0.8599713781482755,-1.0556298060640283
2021-04-10,-0.6623253172676511,0.19860291057839738,0.5146365993822412,-1.3354398527580629,0.043795008816760385,-0.42833423682391886,-0.24446933328303871,-0.14589816514401507,0.578604127437228,0.027676903719252785,0.49018571294040686,0.35436761600926675,-0.15634096508200201,0.5560408570010943,-0.05815630481220035,0.12518507656397082,0.19995812532463866,-0.14941513673643955,0.2648809701881387,0.22374077036596735,0.005971735179920048,0.5639285841590231,,1.5870622231246378,-0.01836684751261075,0.6740794260364847,0.7888486802407947,0.2845618846789533,1.90443657601238,1.2122772621351043,1.0647265154223688,0.9265523772641199,1.146708045769203,0.17293333106524633,1.0701877691017752,1.022453580522113,1.4565209292210184,0.9605191809999551,,0.22437943578364694,1.0981170704852097,0.8223485084496148,0.47073325471135774,0.7262785485418969,0.3093438357247808,0.8788873396366437,0.9552805886352614,0.5013938708240256,0.4751978151667829,-0.18074302095423814,0.6764362703266641,0.5950610156247637,1.089433551525327,0.8371896899878484,-1.7107252920537779,0.6786278116677723,0.2995804137931741,1.0469334569771667,0.9202347012810032
2021-04-11,-1.342631130127187,-1.3836262711785834,0.26170428689549713,0.621076709059677,-0.9572794125624648,0.26367844728148015,,-0.3777328202734022,-1.0877073139208404,,-0.49594345651330146,-1.2682776196205383,-2.6950528554828113,-0.46912643798179676,0.626340646647293,0.8803444086646838,0.5001842171552117,0.2634943088969157,1.1569759381231046,1.5149238530342608,0.08982011434504028,-0.0908294590331486,,1.5782312740158844,2.1261892527854886,-1.089469582519028,-1.4004873370746387,-1.5069903555045217,0.963724788400129,0.9878634049695934,0.723565839071148,-1.3417043764428784,-1.376046709193004,-1.5848666546712276,0.33823812909936257,0.423190804084123,-0.4874800019642695,-1.0450082758028343,,-1.0651156179572219,-2.275086055244103,,-1.8357637506014348,-0.7143771688064795,-2.4858303844094127,0.17734786208486109,-0.1992462003414396,0.12474272668669706,-0.8799073631486779,-1.584345139147005,-0.7689002553298075,-2.2765722306205953,0.7309758775523733,-0.4634457083774784,-2.821955374582651,-1.104306169940095,-2.9645349277706874,-0.13926887107493868,-1.0023688211988562
2021-04-12,-0.028513887874345174,0.2079627915778324,1.430562881382261,0.15845430546027084,-0.10649081389501767,0.27453343522678286,0.28770474667746754,0.6041404870667351,0.8676023191760317,0.4132382863938099,0.3722186243968137,0.44921416587985313,0.5824511450273686,1.0013634838666658,-1.1070769177560729,0.6375110552142041,-1.3978019215266309,-0.5577047075463042,0.83564492147187,0.9950917908347147,-0.20071827231495393,-0.37709668416370234,0.7270764352439522,1.6427646960984523,1.7346498438701345,-0.7094699711842569,-0.9395208024927801,-1.0341885729624536,-0.008683733118055054,0.4579270683510868,-1.0639640966839639,-0.4235888129730114,-0.8058192075660844,-0.7177757955238734,0.347203276979471,-0.37083957665933565,1.0527890200288472,0.2812779047677127,-0.06808138713608186,-0.355541730110451,-0.05335181259201308,0.6684726657129562,0.9059339214292562,0.06977552246463176,0.5919976463732924,1.0710756994461499,0.9806213329959258,0.5194277670426275,1.0557291083399647,0.534172518193508,0.14334044494675213,-0.10455309732749574,-0.0739820299381431,0.3695167158040833,1.0404546648483457,0.42672729120970376,0.6661957686486721,0.9112293843000199,1.1159880686753403
2021-04-13,-0.04969965017573147,0.7089148369044118,1.055558007358147,0.3021242294515012,0.8445591687809981,1.0258500414110434,0.9034429098758358,0.6980469864837805,0.30019802073134827,0.2626694802334425,0.6390179189166687,0.01352908103671872,0.6810946418923761,0.7420678460797878,-0.8515612111716662,0.7784485016096637,-1.9973685805048282,-0.49060659663110207,0.9313976680652063,1.47568160172037,0.6659387387410725,0.6438063549347189,1.7416471851155828,2.0743864776177174,2.2942642156664417,1.06436831164853,1.077555003926235,1.0499008903939147,0.013741730574529668,0.5705739409631679,1.0529863436059692,1.2539379295588364,0.5643861588145183,1.2143024118644878,1.0900057117685997,1.0710667551412927,0.45155626623101114,0.9528935985609603,-0.09100366100336242,1.1516093831988121,1.6640012501041443,0.49912498837946684,0.9336521229077279,0.846834581808459,1.4041813738583373,0.25089708648909653,-0.12154564358805937,0.23815720679543684,0.7229825346769699,0.5154600724792593,0.6267347319119085,1.3299395713690219,-0.9956229630401898,-0.4139537150655165,1.6425143487336875,0.6878740876961031,1.2081019174794925,0.2679586678040677,0.7353770588861857
2021-04-14,0.7750709219761975,1.1436155571539517,0.18523306965664907,0.38160088732401237,0.28293400887024556,0.4714292061516855,0.6976512431765165,0.620132573046234,0.6209293766543706,0.14522502504739626,0.35469004164751894,0.10372509871730318,0.4678817321740004,0.19224187520601685,-0.811086664836977,0.5778301701916626,-1.1069614996954305,-0.14352973932204627,1.0989046337983113,1.3383285763217991,0.9395510658341932,0.5814766832936489,0.7772770821516732,0.49802909865285294,1.7815636812911584,1.201373780127115,0.38675531703047256,1.3847085993489763,0.007216416112728732,-0.04577504509705693,0.3261953596171354,1.5017607657770076,1.0055352881814343,1.1737834737522266,-0.17863625046579515,0.614004201912563,-0.7548943624915435,0.4628915541818245,0.49228801296146607,0.29189300388398887,1.3700508543559755,0.15151989520912845,0.8690900958799248,0.6639881368047378,1.4611781811811242,-0.10492760601517155,-0.8921792429076476,-0.6394282589009179,0.05958494756793896,0.7812384879469302,0.6031948374074968,1.250648369200885,-1.7050497863146876,-1.3210683378542896,1.176482712137514,0.8508887593578509,1.1502961729697787,-0.5531631828213098,0.4267437554614437
2021-04-15,0.4866902150157638,0.683667539528974,0.011942383568752001,0.46316315159832183,0.38935937004435656,-0.059763066780904005,0.1008827131205043,0.09203743516586535,-0.20593469637065892,-0.12410740728953257,-0.21857989761674013,0.2679318766368473,0.6341825368781943,-0.4996516410396062,0.2505477492743198,0.28619775565580474,-0.5528359837090725,0.3554580854264244,0.18108447935894675,0.4507263902431355,,0.40374458811990405,0.39357514380287517,0.8029794678190023,0.6542544842326848,0.6263608601112729,0.7048332640228642,1.1230417142231617,-0.3183265038900076,-0.40725286069507716,-0.05379024947649472,1.4710785608871284,1.072205010246373,0.965239949716478,0.2255869478203319,0.05697759507347596,-1.293321583073603,-0.10041737557562888,1.4680916885572028,0.7268065344430649,1.004414163042073,,0.7144123896312087,0.24452400629035342,0.851133476499557,-1.0199042045890663,-1.0694761846271492,-0.41412494743135475,-0.3514711987164174,0.5578258024434657,0.04609027898827227,1.125026655327268,-2.2424461307547645,-1.3058153785550421,0.8599476853566183,0.7771301360027387,1.2888824736980282,-1.041378388222878,-0.3029449429984948
2021-04-16,0.26541618362525216,1.0922704606053897,-2.296489549923346,0.1408861906082537,-0.273005346999932,-0.8028637180519158,-0.8430714926222967,-0.8238770207478724,-0.5582769474575165,-0.9336853868189326,-1.1645938849682904,-0.1446024370474933,-0.048658128019498315,-2.170209996242777,0.6288376514337637,-0.15002932466793822,-0.24501636967979637,0.3274209194742188,-0.21064813109682795,-0.30453134813102184,,0.3638464435039898,,-1.1147126497922817,-0.7332724187637044,0.3293001757894333,0.6641195142065084,-0.07254059961835783,-0.6660775485372848,-1.6971912945421268,-0.831541024122436,-0.3775421948133144,0.4397984198200801,-0.043861035146475526,-0.8993036710603725,-1.095659227496259,-1.8799390439251205,-1.4909369056247213,,0.0569549863591776,-0.09132162213873432,,-0.5229325119431737,-0.11181286597273238,0.06377129274210756,-1.4086343072092,-1.3032000864677584,-0.7295752238534866,-1.4776138016322327,-0.4797451081279921,0.12955094431354533,-0.1148050353980016,-2.5298112627054574,-1.9732670368080025,1.0036643396584477,0.3430660516264389,0.4288034218131107,-1.6807793437368557,-1.596506718322162
2021-04-17,0.6236900191761231,1.0903828559904352,0.9796387987717915,-0.7689894965651795,-0.1774921531781854,-0.7511355623458735,0.3180274123523503,0.3117290772996754,0.6232467587300086,-0.2883109682901587,0.3736627455512164,0.20315134032616491,0.34697415239738566,-0.12841805354813887,-0.28514421584006355,-0.7022349484818704,0.6458575895161659,-0.6738760984269888,-0.5116539229684187,-0.6156442725993083,-0.4975482434309485,0.6096847078722726,,-0.281902573711117,-0.7618533559068489,-0.39376390549601165,0.7932192522826402,-0.21128046753159727,-0.036186029420578705,-0.01454964526031913,-0.44019202067914504,-0.2710005886775564,0.15408300056507285,0.23155153956719082,-0.007049057666911685,-0.15458478280142388,1.433926654094614,0.5500723987014361,,1.0276692728292562,0.5504345422405643,0.8237531940388623,0.6579717683784384,0.5307549040050137,0.8834520557722776,0.8393566907563765,1.2334323143740185,0.6019485083899881,0.8641222342589535,-0.550030720281378,0.7856464245459058,0.7586970320269164,0.7910366552875087,0.18615367715954645,0.5644262662266221,0.5115432345844261,0.6533643664999249,0.6497136274325243,0.7207586924050521
2021-04-18,-0.21848389357683004,-1.2784945135336563,-0.0016822733297586503,0.23229660754065715,-1.1288525058551002,-0.04435996124458204,,-1.108867063665745,-1.050028929917189,,-0.9137350567516176,-0.653079720513481,-1.9087217634417126,-0.4620766264143144,0.3596073112342694,0.557384068719253,1.0599776136136025,-0.1120686747482529,0.809449675728675,0.8450738989043163,-0.5342922217359017,-1.1638258880851082,-0.07775117405594437,0.6482015145986451,0.6846013595077982,-1.8420148702795018,-2.817347025881691,-1.5870196307287698,-1.8365449079948117,-0.25392645798853675,-0.9866005399212314,-1.9008551612929812,-2.661581957287272,-1.8580549230554497,-1.079634732222972,-1.0362941169511222,-1.232674498917463,-1.2886999026988475,,-2.7240738896359886,-2.477383217367373,,-2.0047617890531644,-1.8038448088663852,-2.2722230450600405,0.36236196759820377,-0.0841361215719909,0.4889078446807236,-0.8397129573936911,-1.7672018388837287,-1.401410413731597,-2.2701444386296474,-1.670360509170494,-1.0632224791655462,-2.0903685661477143,-1.779497047230891,-2.1705355357014837,0.04927184641301075,-0.9970240616297157
2021-04-19,1.0392327536831414,0.18498324587221762,0.7520953159732221,-0.06908685277431487,0.052720877089258815,-0.0022744824841672297,0.37665364752435965,-0.5236821755233878,-0.5314597734773722,-0.06673319090495058,0.19870659100399946,0.3183369121930374,0.5861158482225308,0.9176156808020686,-1.0402777131685441,0.32288538382046833,-0.4992844149366552,-0.22765046992431281,0.37969798543283423,0.29728377888912355,-0.2217517173119847,-0.7801317189799007,0.20944714450080215,0.08874659721299796,0.12524565522882944,0.5557572877310454,0.29512439458650114,-0.2828403028174142,-0.40762390025110096,0.4991063657129904,-0.3445490899247583,-0.018372508016274297,-0.5041314813914786,-0.02083993908667401,-0.10197874146410388,-0.09355003587317941,0.4278971855422572,0.8180935446756606,-0.2560083820885055,0.2497973968401583,0.6247318531295832,0.3070939934206027,0.4653717642038071,0.6106503405648395,0.8800385313547004,0.9293823830340888,1.1037004552737169,0.518145544873643,0.9267965936139037,0.6679556575497269,0.19285495873112155,0.7581930178504673,0.9306065182213583,0.6540362790335577,1.3121743436133813,0.7404122306655937,0.822135012170857,0.9295672496263362,1.3364142285555
2021-04-20,0.7780133696991413,1.382003607252837,0.8908205510342899,0.3282019789499412,0.5448853052998378,0.6876882678082351,0.7185243588526647,0.8767513549465602,0.2415863917291647,0.14664331332696548,0.748979487062233,-0.1467338422952226,0.5087546566979908,0.6667832603632651,0.34625036917068264,0.49444130595591856,0.4015355668364399,0.4909716500090877,0.6365273953765052,0.7661664810089484,0.5453829043393602,0.9109806139848217,1.4889655089418685,0.9251112425269199,1.216673587431574,1.1154524141974287,0.630333352929009,0.742143474856813,0.5175848386284211,0.9402160890973771,0.7293797697941952,0.8640611903225637,0.3397355692603291,1.1509371440287508,1.23699201887201,0.7575804901276051,0.952998026535988,0.9711372150153218,0.22260200713406392,0.585409310961896,1.1784044688130602,0.5804143866278324,1.0630078571642414,0.30408421588801526,1.225479353918776,0.5516243452564157,0.9655898876993273,0.5469845126722118,1.0421165197659996,0.7610179424541489,0.579278233823719,1.144090449260053,-0.25700719823547147,0.2586297210929829,1.3114284638238458,0.3907704771539596,0.9377821386984236,1.4130926592491082,0.7592599719275079
2021-04-21,0.5575444205070634,1.2021817312852516,0.8695445358060874,0.28129962887612897,-0.40093921504577174,0.3982072951901227,0.3727485219121094,0.710917629891522,0.09606366505636474,0.08345071289370554,0.7940924856175903,0.13661528075890086,0.6172679376701128,0.6533339774037503,0.29365094906416206,0.4589902413393265,-2.6186432324436346,0.6060401189359903,0.7442572908636279,0.9995037317465509,0.7197703031114561,-0.12110088182944187,0.5160119594448256,1.395491472156408,1.2237024877693479,0.20760186692898394,-0.2699744190087639,0.9765319124785629,0.9202161630217074,-0.4590532302027319,0.4155535222203542,0.5703507755918135,0.7052246902294681,0.953464208763314,0.19096249907998508,0.7347828418454118,1.023932471996208,0.8927744830214164,1.116969534437548,0.7476410057510207,1.1159576700008216,-0.14789931323352584,0.770470877295079,0.4496681266045069,1.0998163539382337,0.5838857734857175,0.6726039940202176,0.35839890076553355,0.7743881655199936,0.33578681196017435,0.5329367840047486,1.1482094519966366,0.07876070915265916,-0.34588819819493943,0.8428498620260546,0.7168140732486791,0.9846924285573199,-1.9651161226146157,0.3082358513233837
2021-04-22,0.4083884904651016,0.9334364839286418,0.028786858802651208,0.3237607236779018,0.4437297367598584,0.08703758618496801,0.4371426004234323,-0.650339740504516,0.3889342496571146,0.0021526619169700244,-0.3747415845308125,0.06172005793349212,0.624906692972991,-0.005888230819993129,0.24147661496374329,0.05594719742027885,0.26757978700541385,0.17443357475545973,0.21659794865113857,0.0037310279892213425,,-0.16672752585753817,-1.0796630063723542,-0.3407887551709302,0.2826479261568937,0.21172791668920796,0.5269546550779378,0.8242077524533153,-0.37195237287963573,0.14986289037493442,-0.27252982111587565,0.6842170626146664,0.2869897465645156,0.7682772051236824,0.26708160071791626,-0.251678305466708,0.5729658166220303,-0.034278512202266714,0.6956325302715437,0.5242167693960829,0.7384902713665225,,0.9959502699275656,0.3270028084521883,0.9758973767393734,-0.25194936297228104,-0.26881703801704837,0.024134208749274102,0.1583911369378243,1.1049784003091736,0.14898785419003363,0.7676040849496898,-1.4218208830338548,-1.0159712370163774,0.8009348580224243,0.4311023710011716,1.0028915246319399,-0.8569326978358784,-0.24464185700316576
2021-04-23,-0.5451950390111947,-0.9109044936060058,-1.36151414252253,-0.6830741324524624,-0.21312231772257453,-1.1171536791096324,-1.2451467870358544,-1.1684812069901203,-0.3073636131779803,-1.0571578245977689,-1.384337683468845,0.4477312462844468,-0.05118380142464712,-1.7239276118026081,0.22749270594852297,-0.39001402689996134,0.7428583841772132,-0.5364196106509224,-0.6577441715146585,-0.9870495843361686,,-0.21737630121139798,,-1.2810951699654947,-0.8749362714079085,-0.6723743733883408,-0.25805233202554906,-0.1791461836907488,-0.7118469069365023,-0.5564028599883719,-1.091494300523899,-0.5053807107925894,-0.45275471757850233,-0.5977180228994416,-0.34606964696120457,-1.1665274431872532,-1.9271194162389842,-1.5074665570742003,,-0.4955429909714528,-0.14988183592378473,,0.02807484560525008,-0.07117956703511322,-0.08658766908849959,-0.04951616502656979,-0.6405795685653973,-0.07725707347657396,-1.2072215152115982,-0.5786644402342136,-0.15859871161879238,0.013048297542926485,-2.0388794562378294,-1.925402678655398,-0.1827696277845724,-0.5199765985808392,0.31376917165541013,-1.8918576358228079,-1.6117533850975694
2021-04-24,-0.4003659505842518,-0.40024275277763877,0.08489910399258087,-1.0351427547593837,0.027132676913957363,-1.1381529844646772,-0.07554920919326298,-0.32878365016570515,0.4663624672926348,0.12484744138745416,0.053229518934659756,0.013112264821139611,0.21496559289849654,-0.40375044906030916,-0.461791485547148,-1.2156987836981834,-0.13892577350343513,-1.0805424526940988,-0.8886292563724874,-1.050534829255234,-0.8113211291840283,-1.0053778341456556,,0.4392732148752669,-1.1648919342544068,-1.1811496339463547,-0.057078968361329446,-0.7316394198449538,-0.08772538719596815,0.09172177640609379,-0.5397928171916341,-1.204534268566183,-0.6115271616664362,-0.5061076152060245,0.04761556046605371,-0.39816231141799496,0.8342896164632967,0.4152892055777898,,-0.3094012588853896,0.2708120209344309,0.5373077254553965,0.18813965333571528,0.5258086545812206,0.49519910854752003,0.9224470606694307,0.9297687978878235,0.5807326046642526,0.5513132737507991,0.8071294057079681,0.09861276312706575,0.5719239667341078,-0.15210910497189176,-0.35586034912349473,-0.17393048860627253,0.23619188778616332,0.19255343142208967,0.15289516693346294,-0.04315509782608589
2021-04-25,-1.2695548675144739,-2.3799603387157915,-0.2727519636674745,0.34613643588398685,-1.4340779884562398,-0.3386922211858568,,-1.0563734603035724,-1.9792829144336819,,-0.8047695496668259,-1.800828264332275,-2.524705187290436,-1.249529788327639,0.14108611275830443,0.21539443139606673,-0.5389107642998416,-0.8934788113985288,0.3978283458357929,0.429636845112691,-1.1019928177629943,-1.435138351593216,-0.6942543979750424,0.5030401074459683,-0.1955711896972275,-2.1447234538435604,-1.6889991092101835,-2.263033900126398,-0.7714528902625335,-0.22914180486398103,-1.1264591341386212,-2.311601539115162,-1.8065134286907958,-2.462878452079645,-0.5516148464545766,-1.2605551658501641,-1.5297084428014154,-1.213579528781999,,-2.0680947251736677,-2.5640694372985102,,-2.6275817103546704,-1.8206119977152226,-2.6667204970554406,0.7640572263359828,-0.4012306749382246,0.43889857302392576,-1.189880307349811,-2.0330948974303547,-1.5852913457998914,-2.6877889996503037,-1.6829491513658932,-1.5575688105644503,-2.5034754879214596,-1.867958742636897,-2.8449344095120512,-1.1546237515679492,-1.3894271584547724
2021-04-26,0.5445491215068523,0.41825339797520744,0.554332130556789,-0.10883930973832961,-0.1965131582741639,-0.12863521835598016,-0.21321162758735512,-0.001009797670453394,-0.5081212670502244,0.3050399805930294,-0.23801457046110994,0.3558832944938223,0.5160802899441946,0.3146750608328677,-1.0555704470500533,0.39417256323353866,-0.9375944091578762,-0.7572794680361438,0.13041513373563624,0.16695209116070758,-0.5123534180536073,-1.1222752062076324,0.5901737361374587,0.39429705308800445,3.3554557263556356e-05,-1.2568354852856023,-1.0188381723920383,-0.6405391839785639,-0.6419728503210252,0.19508526411144872,-0.05809368267064126,-1.0240017241086823,-0.46171710008509065,-0.296422215444091,-0.014715785019432506,-0.10027221474586848,1.124412755679906,0.44407482680553867,-0.2581600546878701,0.4368670621396008,0.15501996856640626,0.1150069875336587,0.8285760729625811,0.37363913960245493,0.4996337400340828,0.9291326214973892,0.8250072387257589,0.5055771604108021,0.8140071414226288,0.6690058227692895,0.2419065094960605,0.5054792728240673,0.7561031326375401,0.5662637665888371,0.5812726293898645,0.1300569121575108,0.8759773068981148,0.7229659489701558,1.1529777824676517
2021-04-27,0.5528398724023587,1.373522268222291,0.23844781930612752,0.17794989246972293,0.4906727726161345,0.31035979053061824,0.7821015716395148,0.3231375546027963,0.5414337451950069,0.12329166770972091,0.4094336210458137,0.35373242489859524,0.4679423103333586,0.46355232472958807,-0.11350282938908578,0.3387399670176649,-1.2822313057337245,0.47252488192732556,0.7873649148031545,0.7925965097338732,0.7233000158262726,0.7030059175109067,0.22905178766979903,1.581534445404899,1.2341229279179373,0.047713501671164,0.5994961179616043,0.30882473797349735,0.020188281871381195,-0.8531595779295308,0.49206537503976233,0.5855316822000021,0.3060613486056598,0.8185344676086797,0.17388448475807233,0.48141222068321954,0.6476594091700351,0.615499964465148,1.052107557043321,0.7269207117165783,0.6097754361757629,0.055217904136977906,1.068600440858659,0.30917201071531714,0.9322087438049791,0.6535335769856716,0.33120693460293094,0.33657410916286246,0.7021388669797543,0.986374588430517,0.27020216882469406,0.8667445309393341,0.3130078746078071,-0.3829348028501791,0.5048771919615678,0.3131581770245044,0.8946024795824472,0.23553537561881724,0.7337952144535648
2021-04-28,0.20817978492094885,0.5663906227222113,0.46215718285763546,0.3473021210078334,0.3745103867513833,0.13071044511559063,-0.0017974232005585479,0.14446184889128552,-0.4974190589856289,0.20998918671625974,0.38945289761718743,0.011747615157378892,0.10106183763203777,0.3978925555573117,0.1487364459476704,-0.019836467232104676,0.2820669450406716,0.3272573121481813,0.40996292583189814,0.7656588102440843,0.4797364596149079,1.0110518076920139,0.7726770333885904,0.38947805777740757,0.25754188700945624,1.3698126962199297,-0.12738097878002305,0.3042502368396728,0.0717483642694761,-0.22747629357995566,0.25256707044195736,0.9421783904678358,-0.2057202864324601,0.3964913490566888,0.19513135929673003,0.17275153889137962,-0.3818221191311134,0.4388793858293804,-0.8307756080916614,0.6354031976217851,0.472580202940797,0.2429276260395871,0.6172698666864537,0.3976765826490724,0.9071057736638102,0.5365267089059114,0.1409252413586507,0.3606036364579996,0.41186753186548036,0.3390441943914326,0.4954282684556228,0.8338634111610935,-1.4361180596020182,-0.5085407559118521,0.7961933002586742,0.44131544506620723,0.8319229136039508,-0.4235031411988439,-0.38531353244819383
2021-04-29,,,,,,,,,,,,,,,,,,,,,,,,,,,,,,,,,,,,,,,,,,,,,,,,,,,,,,,,,,,
2021-04-30,,,,,,,,,,,,,,,,,,,,,,,,,,,,,,,,,,,,,,,,,,,,,,,,,,,,,,,,,,,
2021-05-01,,,,,,,,,,,,,,,,,,,,,,,,,,,,,,,,,,,,,,,,,,,,,,,,,,,,,,,,,,,
2021-05-02,,,,,,,,,,,,,,,,,,,,,,,,,,,,,,,,,,,,,,,,,,,,,,,,,,,,,,,,,,,
2021-05-03,,,,,,,,,,,,,,,,,,,,,,,,,,,,,,,,,,,,,,,,,,,,,,,,,,,,,,,,,,,
2021-05-04,,,,,,,,,,,,,,,,,,,,,,,,,,,,,,,,,,,,,,,,,,,,,,,,,,,,,,,,,,,
2021-05-05,,,,,,,,,,,,,,,,,,,,,,,,,,,,,,,,,,,,,,,,,,,,,,,,,,,,,,,,,,,
2021-05-06,,,,,,,,,,,,,,,,,,,,,,,,,,,,,,,,,,,,,,,,,,,,,,,,,,,,,,,,,,,
2021-05-07,,,,,,,,,,,,,,,,,,,,,,,,,,,,,,,,,,,,,,,,,,,,,,,,,,,,,,,,,,,
2021-05-08,,,,,,,,,,,,,,,,,,,,,,,,,,,,,,,,,,,,,,,,,,,,,,,,,,,,,,,,,,,
2021-05-09,,,,,,,,,,,,,,,,,,,,,,,,,,,,,,,,,,,,,,,,,,,,,,,,,,,,,,,,,,,
2021-05-10,,,,,,,,,,,,,,,,,,,,,,,,,,,,,,,,,,,,,,,,,,,,,,,,,,,,,,,,,,,
2021-05-11,,,,,,,,,,,,,,,,,,,,,,,,,,,,,,,,,,,,,,,,,,,,,,,,,,,,,,,,,,,
2021-05-12,,,,,,,,,,,,,,,,,,,,,,,,,,,,,,,,,,,,,,,,,,,,,,,,,,,,,,,,,,,
2021-05-13,0.11935198566731162,0.44586560592628266,0.8474030708262609,0.12454241496313632,-1.0611224731491589,0.3455565282229549,-1.3322124669810487,0.25962511674307004,0.4991803883327497,-1.9993684609245874,-0.3137673334907439,0.2322350556765546,0.3764536788611567,0.292292261984395,0.4792513844483798,0.06758754467192013,0.8716796299827397,0.2705594654810754,-0.19029256390639335,-0.95801422577501,,0.3643190573327441,-0.8654513682248597,-0.9673215445043171,-0.9478892520121224,-0.2828634258344765,0.013255371863237555,0.7001848509377921,-0.7811694061153346,-0.47521044150746194,-0.7987475715109087,-0.4146150783150275,0.23704772817896486,0.6016906568824585,-0.7273499422129582,-0.619625418609339,0.08042188778277252,0.5196182601916611,0.20517462378624818,-0.7578429002391146,0.7615980092334836,,1.0981682671320994,-0.3417255485778121,0.7466274036688205,0.19645697517227384,0.6939804386742854,-0.07001421098811637,0.15581531439495236,0.5563914246681754,-0.09731394401622065,0.6580113360434319,0.458227332912535,0.8458005359947611,0.1460293414863931,-0.05588123270001793,0.6789559979227784,-0.5382072009024864,-0.0020327773997774815
2021-05-14,-1.0687493999367066,-0.8220839128355898,-0.9474982244137847,-0.041796763827041866,0.15386607418531315,-0.4748383397676235,-1.079706588224251,-0.30058896640863897,0.2518577491163194,-0.4682062726468744,-0.32951327499387584,0.33540518349574266,0.5518922638109843,-0.49504100480354346,0.5638530606133895,-1.0744970996265817,0.5737042801759746,0.004195272683548758,-2.276371195706591,-2.1067496162041937,,-1.12023054270573,,-2.053203459799605,-1.5261277151619137,-0.6907467248510601,-1.2988961396010552,-0.1495403156505669,-1.1902589108822308,-0.9029732358827528,-1.9709047373919208,-0.5537173440032528,0.23070290173725116,-0.2788910253907643,-1.5143988768389107,-2.2126724197654166,-2.2759797753073956,-1.8975273167967817,-1.8225162281923206,-0.2444455392083586,-0.6807617390146513,,-0.4476684427635815,-0.24845164841081852,-0.32164648780548094,-2.5126650219626265,-1.9648622646842755,-0.3413144678540109,-1.511569717726594,-0.5395072652779341,-0.06487239775656621,-0.1131222052012111,-0.5057591182524906,-0.6951179347407266,-0.6038512293154468,0.13101290754659992,-0.6920445061870711,-1.695993462231783,-1.4223423151000538
2021-05-15,0.03585088284019951,-0.9960330283987845,-0.5412815184727695,-1.7472719868765283,0.5247142884202725,-0.7949730947591878,-0.20094016831826605,0.3104727099147677,0.8691037525562508,0.057606973923139335,0.586149035300522,0.1421747634374905,0.12313174150788898,0.20949154818376003,-0.6940892226324906,-0.4036870465986085,0.3647491603380258,-0.3633481818753041,-0.43706604739767996,-0.5405529386650856,-0.13203357959692621,0.5610611847236198,,1.0822491792012698,-1.0080273366229207,-1.1887877231331674,0.6540734066466,-0.14140333322570844,0.07307485704207835,0.8233860739707869,-0.40731861521107676,-0.8694979852938471,0.32050327245590393,-0.21625102870132076,0.33770372210351896,0.45630895824808015,1.0057396854926062,0.6043884568913249,,1.2760694714877838,-0.5057983608509843,0.09364741385307157,0.01362075520323964,0.3765932709358503,0.15692347539695387,0.3878481455507636,0.3510293085965138,0.5386883928064674,0.5329679629038758,0.6610460616599265,0.4103619417848533,0.06566776174150522,0.4207649832008692,0.9905764110516071,0.25670462091551716,0.4477247702057267,-0.45202797572856884,0.8412650527002685,0.4215089262775982
2021-05-16,-0.7173595257977654,-2.17889163352328,-0.5117767811091372,0.45745298258150596,-0.19582090302412855,0.2685021052243237,,-0.29892882282539385,-0.9011575791893331,,-0.3145574365258554,-0.6337999858299032,-2.3398012235196473,-0.5301219234127403,0.6017543492860692,0.7446745125976602,0.09045512645484458,0.25318079789214853,0.39465975686350707,0.4286842144118405,-0.3063235333731162,-0.9211153257516238,-0.4946949820535965,1.1562407658275236,0.3017823646612368,-2.1801584255532793,-2.0520935056802796,-2.309189684812503,-0.8135324851435425,-0.22913371990021375,-1.240057938338161,-2.257493920016549,-2.075835171626265,-2.5842060326242393,-3.5590528000988337,-1.3410882121593637,-0.751892647024564,-0.5702827596970543,,-1.4403538330962182,-2.9479737090001197,,-3.236014801940451,-1.6001630273669347,-3.5394934405088927,-0.008196340758488853,-0.4062639947399118,0.42323526817814083,-0.5407748735497073,-3.0597017801159487,-1.9688124631410588,-3.590163125630948,0.9199000469550445,-0.32637337115199466,-3.3902478977114154,-1.8987880721471984,-3.5149426562686816,-0.7652295467868008,-1.8830131461021298
2021-05-17,0.0784014458577289,-0.13688166892110543,-0.5150049126042128,-0.011759814393398375,0.5908213741837641,0.39303293270289275,0.15726702829814757,0.6477685647978796,0.9138196137387616,0.45474293248341235,-0.08631859525520119,0.34180317400216575,0.595055288162367,0.7641034547790614,-1.0702485614768258,-0.07126200272868777,-0.7650702868199367,-0.2065260287133494,0.15242719397345492,-0.05448380952004117,-0.6260012547536268,-0.2879134302062607,-0.29770669027892244,-0.06699044023400426,-1.2759923119970213,-1.333477018333304,-0.8517210255215698,-0.9598287827053258,-0.6377975148765668,0.15458074000606428,-0.27344997854417047,-0.9994584078383508,-0.7955789126146728,-1.1113414824131294,0.13514921411907233,0.07259025194390051,0.5302231003685703,0.6401365794493006,-0.9328307067060262,0.3090020853945424,-1.0751984058872133,0.6624200519626996,0.06105155025580149,0.4909917377425897,0.19017159554033158,0.5913263905315982,0.4871695062050964,0.234498103309208,0.5216772608618012,0.7225841270596067,0.4036673427751582,0.18097735868813514,1.2158313871560538,0.9344114178598916,0.6295844832153044,0.5907303168126167,0.5150067411297353,1.330073787986576,1.2020527464314807
2021-05-18,0.6593422848870355,1.0868551407486882,-1.6851943920913457,0.29797482492247046,0.7461597062689832,0.6992437372222887,0.5880038202598914,0.5887467454721997,0.4644578374511149,0.5497271699351931,0.8334266973395628,-0.24335967318859483,0.6196065681034612,1.1784697411557103,0.25780817188578004,0.6024023633000578,0.022208685456948252,0.3609022788348903,0.4486347243764917,0.22574231841120201,0.12181260451651865,-0.7978889490515069,-0.2840446392980754,0.7383388805167896,-0.4987303690987508,0.18142312093951424,0.5903125581307366,0.03040425957804086,0.15476316824869898,0.3648684563725773,0.30862657342091915,-0.19748797849662705,0.18936705629469502,0.49173597620605614,0.4827821930102497,0.5543759495329453,0.352252756919581,0.9520220983109245,-0.20496070487637216,0.6007808851760749,0.7802036087600966,0.5361367443048926,0.535328258118443,0.4286369489285314,0.7046307540824126,0.5333767148356531,0.4165474630883044,-0.13576678946904389,0.70798144024802,0.7329856223299861,0.4002810628668223,0.9319473992646112,0.02946729549888888,1.1026074388953824,0.7281322947206662,0.4901616314017248,0.9445441618904543,0.8682572612666015,0.732549088345204
2021-05-19,-0.41239514615812045,-0.37913399077250465,-0.4492390464620891,0.42406973723260355,0.6435561969510228,0.5498000998325665,0.4624427409365722,0.47826651763406935,0.4622351315753858,0.4682171864966681,0.7196985666866745,0.244025063588613,0.41298771295427306,0.8199311970798904,0.47013305703230807,0.3158025562916029,0.49270004818436164,0.38214632465809945,0.35874890958361555,0.49426349453033175,0.21664476249924536,0.04851173832041514,-0.5274911781165569,0.08192368033181521,-0.24227358185442854,-0.1999787201391152,-0.3719316185103746,0.6405663792767748,-0.5185928818554253,-0.4733826734671035,-0.015156145328376171,0.5033232810043965,-0.5012103235527233,0.52767721819717,-0.49320116590192004,0.11841336069566168,0.00740037859549843,0.4025119376991906,-0.5152043352176073,0.34099370606521356,0.8953148843541825,-0.002447763279663651,0.5512654634384365,-0.00874037809665644,0.9746930592978967,0.3339444980608159,0.014423484184958032,0.03147596115363376,0.2760569274115876,0.3048739516230585,0.3321057112605325,1.0037456109353036,0.5294532495520103,0.6038848688578494,1.2055192789976157,0.6599109538735617,0.9559975898956286,0.31649640393982514,0.9907535962950805
2021-05-20,0.586892231477472,0.5775199148507093,-0.12726878284553073,0.35289287306070954,-0.7599003280051333,0.30979722816391925,0.16353670126619893,-0.056747324933184004,0.6063674908631731,0.08427844931938047,-0.4300944561671205,0.33609108091857615,0.5926645134517636,0.24498521296996148,0.48977087931507435,-0.11580308260517658,0.36741418463863396,0.20090611169982683,-0.44006327405073314,-0.9147118072748431,,0.151394281651474,0.1505524693957619,-1.2337056031722102,-0.4512651173490662,-0.5009389695719924,-0.1442191110895789,0.4214295303087954,-1.2729704108673983,-0.9175987810144235,-0.4143672083199027,0.1642092050070618,-0.933127734372419,0.3513010216801361,-0.3715388877822081,-0.3401150449158526,-0.08785397145475717,0.2342178514546424,0.1952325755139591,0.7231934930164304,0.5710677070299037,,-0.10785018366839745,0.2253499177257573,0.6272223629253655,-0.08988946501555219,-0.31851954547106653,0.007628012543530161,-0.15282604014150378,0.3923351514287593,0.2563107590481843,0.8952133014684079,-0.11436209675096919,0.49342983254825434,0.5658506728617148,0.20266135391465978,0.8684206813331654,-0.3911970948580423,-0.36300838951930964
2021-05-21,-1.0230244817471132,0.5363489079430209,-1.2365938647636436,0.03554232214687893,-0.30082579773936713,-0.737419929330932,-0.9324019988172199,-0.38024783794748845,0.3099612955350967,-0.02927574405377211,-1.120468764758882,0.31329676845929133,0.14563993054982546,-1.0003429444904643,0.21266654511916014,-1.1021819752076352,0.3283642692574646,-0.09109172898327096,-1.2394436250991516,-1.3992121032349842,,-0.8965733929851086,,-1.2254717538028737,-1.2719912679751821,-1.088173503292954,-0.9532767559065779,-0.9083875028306245,-1.6671717614629566,-1.7740920059384426,-1.860692155736559,-1.515083263268797,0.11438548452556752,-0.7891644894590365,-1.9154546417770697,-1.70137123765201,-1.5776698924609251,-2.309448179094532,-0.8590457219793806,-0.1882594662837826,-0.7241824480314185,,-0.7554937799988651,-0.2616931481540704,-0.40612551050444684,-0.558623081106748,-1.7567754627983119,-0.33875787965728554,-2.1152368034891404,-0.1760329448293099,-0.5141551917457726,0.07193879948920433,-1.3068679462703576,-1.2928239957173215,0.5192625822888651,-0.08692221170093237,-0.3279905162619877,-1.1256199485893557,-1.883144078849941
2021-05-22,-1.630557055593918,0.33270924617091957,-0.994688244184939,-1.8240953246728957,0.2662645780075256,-0.24442643743396833,-0.5456730952847431,0.326229612104396,0.7476454227517644,-0.08001495699750717,0.49209549185179113,0.17440609488696698,0.38201171246848314,-1.0519397133086046,-0.6438253392885536,-1.599548622881377,-0.7864896327251777,-3.0467621173484893,-0.7682393709307687,-1.3411555086588032,-0.09986777330561585,-0.09698423272281792,,1.3220293268653829,-1.4097650683768979,-0.565094469056501,0.44985787554766427,-0.13490758760391988,-0.1509549988272353,0.6347514203801813,0.2798722527792861,-0.7513087206026245,-0.13880374990689856,-0.3889396462181,0.5919526202723405,0.4264133212308005,1.0031228292475287,0.6055844461204941,,0.20933201100246282,0.31721457357256283,0.2037380432943608,0.3321922648742628,0.2059355538160281,0.18197945526127218,0.8059290979698978,0.9002819003236097,0.2397766126358244,0.34908400997333383,0.4272049228027641,0.6484611063769194,0.27938508115408717,0.317848085415273,0.5476923196799482,0.3097526486525028,0.21693717357886505,0.23332043764050622,0.6561681270133487,0.6213177084704296
2021-05-23,-0.7259241700980495,-2.211096507766618,-0.04611059482328343,0.631936984724802,-0.3074475332075244,-0.03343685804677349,,-0.5752868167940227,-1.8686029874755323,,-0.4973164672539199,-1.3048725577825526,-2.308677545880529,-0.40141522864277235,0.1535052363715275,0.68940370000181,-0.13137173129725618,-0.11695396386210882,0.2274676528993394,0.34883146306545826,-0.6511315585157408,-0.6567024855339252,-0.6793832805461356,0.720355448792687,0.15291352264528657,-2.062511410274729,-1.863804753752748,-2.6141135947282232,-0.9263080057606571,0.1674854603604193,-1.2964610095202536,-2.4244880957425754,-2.8785436991902955,-2.696290840297844,-3.6460162083187444,-2.025586977516497,-0.0027942023437997564,-0.4119143861440872,,-1.2102731163315694,-3.0641089261229566,,-3.135214252554129,-2.2840588926089715,-3.671575757812902,0.502795065185788,0.06328966966898772,-0.02347347369467229,-0.6541791850002877,-2.8300970934323564,-2.0023431015925732,-3.6410028504103344,0.199288154365928,-0.28825333471212056,-3.101701560303738,-2.834015168112622,-3.6068422109864424,-0.8756785483711841,-1.7554194474267808
2021-05-24,0.4250118610885744,-2.108039502218737,-0.5510836988085678,0.16695854424178486,-0.026251566393086644,0.5229702252102462,-0.7731744547829713,0.41194212270210695,-0.1562491657239131,-0.009970098306895766,0.03798997555347749,0.44461584128174825,0.5532494231918669,0.5472539068059991,-1.5562482268955298,-0.030963954254175884,-0.6987087648327036,-0.6499339532374546,0.18791227996543142,0.10938968442924867,-0.665028365844429,-2.1558781539722776,-1.0179430521741664,-0.34546793287230254,-1.0223872393631948,0.30439293939541606,0.7283189497467847,0.059996856844846846,0.6790358175562242,0.4772541488991266,0.5466825636484397,0.33480353105207455,0.44794700574904106,0.3683719282725812,0.33011341075258566,0.5225167078571041,0.6842478591836576,-0.3842919426757134,-0.7048101489508474,0.18556174501570968,-0.08664248849260914,-0.009681564805666548,0.18414215483093485,0.2647483925281137,-0.21088550250070456,0.6142059861989302,0.7328681635509429,0.2323780009675504,0.336381509653442,0.3466327261742626,0.13331387529067534,-0.3818753479735538,1.1141532094289806,0.9247714067482659,-2.290971820555006,0.5148995310153611,-0.6560776865165112,1.0873228525012224,0.9037803048335483
2021-05-25,0.14717116049638554,0.7719815650853835,-0.0716282906708316,0.40684912383062954,0.606440026818091,0.48163209090683823,0.5609881271170715,0.5847135056924925,-0.05210070474943075,0.08346548220141303,0.789399935272272,0.21172385811511682,0.5348749261476056,-0.026169342760926865,-0.4830659236330357,0.21844141491777777,-0.9708056401590283,-0.09435173502415407,-0.028353784522118116,0.4489428757084927,0.30891631303664274,0.6936170274047154,0.7874724648187374,-0.006891190484240796,0.23361705558495977,1.0149532363120626,1.4893633539062647,0.9239574692707495,1.0521955288453533,0.8698704886409312,1.1353734668969253,0.6882281007169935,1.2496996884131506,1.059041312412146,0.7091874215179771,0.9933163203289155,-0.23399570791054106,0.7906140876071108,-0.29229966435411836,0.5821708501589751,0.32685246215392694,0.25858509885267217,0.48486152871626603,0.6091501015073928,0.5167512489540766,0.2572128016799297,0.08531492163295715,-0.024004781289176456,0.33454702908856937,0.8485443344555975,0.6037429758436588,0.7920722732169306,0.49453964572773323,0.6560727043639389,-0.22599983481338318,0.6652855197860936,0.9155925123428881,0.8546700282830527,0.6832451964309953
2021-05-26,0.681139155948005,0.2653595418840515,-0.3813307268063016,0.14007506462207758,0.4101610429093086,0.3690614446276289,0.5781428623284722,-0.4943609934468438,0.3766979850875291,0.34064241801799633,0.3510026467845248,0.13375011349080318,0.364843780175116,0.48424521398590814,-0.05153181068410884,0.4426743373051616,-0.3006889843710255,-0.02820514951056255,-0.7488964885520655,0.3125585704561244,0.16272895796664272,-0.12041600451168658,-0.46203718204597716,0.13158021299404005,-0.2573708865357722,0.8394416061497573,0.617799320557833,1.1434956096742381,0.5643121649627626,-1.1045565362172751,0.6474085454676413,1.5273559048379628,1.0557883304167521,1.118038160789257,0.4344626792372919,0.4120383195768477,-0.10912574133783134,0.07839188479969246,-0.44355454263418637,0.5668555313322488,0.6993007521268225,-0.8634754934856523,0.4695807346458701,-0.23087759228057453,0.6557868658240859,0.14510965376622556,-1.020987136592798,-0.6651030841887741,-0.1999425628987339,1.2636617198804123,0.3149425400663344,0.16101105571480592,-0.7137866743488174,0.36298073611575227,0.4765675742621398,0.3252299524906756,0.902405015952156,0.136779321987341,0.8751541810997664
2021-05-27,0.9219167183187268,-0.591819549658582,-2.113281223924527,-0.016071789428861488,0.41338520631423964,0.3694033860856417,-0.1995866215589986,0.07885432390444722,-0.15530135139367632,0.0855948648095958,-0.20743397398180724,0.4787849656769052,0.565401361935452,-0.44150174184144714,0.22332754186518544,-0.41027348719945367,-0.5189239358757465,0.004064608085760657,-0.6755077900502656,-0.8728807841325577,,0.5883503761095512,-1.170765924924619,-2.9233807339459825,-0.019879213574316004,-0.11318944080832555,0.757359642662491,0.3073824273064196,-0.24907189738732716,-0.2159781020837332,0.05918310211757706,1.1357156051416906,1.0342166200583507,0.24314390124346869,-0.48275983537010164,-0.057356807661929576,-1.6010656487503685,-0.3077518916212914,-0.1289076330290493,0.551700758549726,0.2826369758600173,,-0.01181507480210079,0.29003834256079486,0.2032604683640458,-0.01970769511498363,-1.4730913297178185,-0.45696943749762814,-0.7824232661308846,-0.11367745043245277,0.09134171397264104,0.4259958067049882,-0.6452390093617001,-0.18992133232931005,-0.7579938658740657,-0.12925186029472252,0.5083901083327668,-1.2684421519515494,-1.3133408913252138
2021-05-28,0.16862731521412289,0.048996689908644156,-3.5608925185789677,-0.5047027944812458,-0.13813507108059367,-1.2282291396170562,-1.1199570455102141,-0.5222683007280893,-0.7300066371338373,-1.5331210448195693,-0.8331288698125786,0.06971759334111825,0.005288592161686991,-0.8445570027758259,0.2366504412986704,-1.2518784553619708,-0.39243418660170937,-0.10471755433915578,-2.1495561200799913,-2.283867847035871,,-2.027317958610263,,-1.7981805529115191,-1.6022612442680777,-0.09963387445146063,0.001531484292799191,0.03409110370693337,-1.4322181210065155,0.19289964287881267,-1.2507741742290188,-0.6954284173383982,-0.1970938883518149,-0.056774715672621275,-1.4895246865977312,-1.4400143028034087,-2.0059444182898982,-2.7926638750293975,-1.3919808924456767,-2.2756957272116134,-1.1166091101625804,,-0.8482662231350377,-0.7881292893963705,-0.5668395721892399,-2.1524262964497467,-2.0680563115615405,-0.8326599516151525,-2.3947052076277378,-0.9859075584022182,-0.8859457085486303,-0.6290563612255258,-1.781032020283462,-1.8370994031829886,-0.6056082515458435,-1.0536648100585295,-0.4969872463096484,-1.708150160508349,-2.282836665513691
2021-05-29,0.4035677653467586,0.24938296312635705,-0.1054089112200405,,0.4072148051777257,,-0.3014471289937063,,0.16904489718371,0.1771021972515417,,-0.12037442182934452,0.049497006927112085,,-0.4991168779597103,-2.0967283566434043,0.40178589738403625,-0.2863927770703033,-2.54002453232093,-2.202047600455261,-0.6958831273871495,-0.12945151029359528,,-0.24416502664255735,-1.7509742959404377,0.40584889593153206,0.5040237380934413,-0.3673376356080779,-0.03711616153651431,0.771621365191555,0.4073957978000644,-0.21540885596681322,0.5752977278738076,-0.28962878357566796,0.625941193712876,0.27680970739434246,0.04198755363091952,0.4167446087018939,,0.34892091217548654,-0.13556437071273922,-0.23590041885156976,0.43683147425714197,0.3864200409529938,-0.06953095355504361,0.3418229997029198,0.6719641913687605,0.2387886688859037,0.18703590947173948,-0.9041575894161338,0.3648087820182656,0.1614719571054281,1.0884783048889968,0.5894684729785297,0.013995044659305348,-0.554144015748638,-0.06157916577705009,1.2548737726906276,0.35186916714547367
2021-05-30,-0.9706114877939577,-2.5121259271310086,0.2424292377333652,,-1.5672996647973167,,,,-1.2119989916376646,,,-1.7824904446702432,-2.818980503573815,,0.16525161539593772,0.27678419138248705,0.6886107347213004,0.043999762143917515,0.07133055210396247,0.14020273863250393,-0.4674751004962179,-0.6565067270197618,-1.0122586154795472,0.030579777315846254,-0.49534355534690766,-1.6898302984415,-2.747735261913423,-2.551259286608207,-0.41195481677978174,0.8975604487845831,-0.48976329061954377,-2.167379843969098,-2.3569730925972974,-2.6705570828512086,-0.3804266279650547,-0.6093171251780798,-0.08734341680233039,-0.8674718246128929,,-2.9136840450717183,-3.0538208821864172,,-3.379400359099631,-2.12568374768415,-3.7068820208892874,0.28108390373855074,-0.25437890898565396,0.1561948997787345,-0.7137959387672779,-3.1762263496530965,-2.437578697527984,-3.870970467678318,0.8394662057718342,-0.3204593483651586,-3.583936762920516,-3.1826468866879227,-3.784251771019128,-0.6450621728813435,-1.7969871424859734
2021-05-31,-0.40179018056443483,0.6268484764089931,0.49732041202680316,,-1.5486561188255947,,-0.6662759419698228,,0.44928983772763076,0.25029402131483103,,0.2739555506243497,0.5668409162808282,,-1.5222505646309463,-0.5806700242450735,-0.5240909746877062,-0.23431009944364617,-0.2937740536908321,-0.6395243496156033,-1.0457805710120562,-1.0495797838037841,-1.0598009395868957,-0.6966267026649955,-1.2437218841200979,0.13798324927255082,0.37784084047310884,-0.8736514700005515,-0.45831003360086014,0.017904546990778203,0.31109844754631083,-0.39709991688419427,0.1316822628093861,-0.8167878857337305,-0.49980382972961135,0.18178877118001444,0.45556280196387705,0.23989578287736135,-1.6690983422859769,-0.12503325193299386,-2.1394471434396487,0.4467474283967677,-0.6228948562825339,0.14630545039221077,-1.781029573833944,-0.019400293267432457,0.6995754994900121,0.2191054461942943,0.4170667106697104,-0.8669390486603996,0.0016963285021914989,-1.2190827893811809,1.0183962476567452,0.6824222334363598,-0.5521059301391807,0.594989421773112,-1.6007516053619528,0.8260994903847589,0.554997306768964
2021-06-01,0.9850927927078772,0.464973591302274,0.07361827343499715,,0.48782133484647966,,0.6445470656432283,,0.5863875212720718,0.3163759772002022,,-0.09471093581095595,0.5877976999670317,,0.321987696390885,-0.5997623912954858,0.30820216409298173,0.5008029037265603,-0.635870683302037,-0.9596913107617102,0.2863076981011145,0.5262735984863831,-1.6855676879407397,-2.42359859014704,-1.112866602818568,0.4904387672291969,0.861149053331875,1.1578942933896212,-0.09090440897482012,-3.951038552999075,0.4839030761531887,1.374874771065378,1.10799360486336,0.690464438144394,-0.32096749051376294,0.22984201706503904,-0.21895176632249583,0.19876682295054945,0.35808014580792275,-0.454584877269483,0.6381325188903363,-4.8483518197542,0.5531839122804684,0.39935199516108166,-0.17222305436105778,-4.585032036979596,-0.6742770026634576,-4.724962060128442,0.5166480651077101,0.757681855123518,0.43108654389514817,-0.2651483262413633,0.5467583804428391,0.5726154256586645,1.1143454138659135,0.5051001064861457,0.3788077956028007,-0.01456093798395523,0.4867182850841789
2021-06-02,-0.22704672525430072,0.4822852959690667,0.8176009731313097,,0.557354627538499,,0.6804320068465984,,0.17770280962001062,0.3885879770054338,,0.32744373666706905,0.525851904371563,,0.5611158538245407,-0.33047553693035253,0.8890747305842165,0.6719459328752398,-0.1679053350514893,-0.5248423194772516,0.5441877479699677,0.6074911443442945,-0.6894901984440001,-2.8810610048867926,-1.2791247609342433,0.6451542401095629,0.1368191828368503,1.0575795215814876,0.22536987945852627,-2.746806222275157,0.5829780516420361,1.1966325956839234,0.4345150821086155,0.9084812304302023,-0.8659160420795461,0.7763924134595876,0.6760668113899503,0.595294655419617,0.6171761432116336,1.0115232921019597,0.28632412354533515,-2.676652350882114,0.8438656380223644,0.4449394101433092,0.5002639203254314,-3.43619488552748,-0.09950092936050148,-1.4185624966986305,0.39881989631354287,0.39023144490304723,0.29307836079926897,0.7947835257823309,0.5279827960220462,0.7856173000344342,0.05949667825689258,-0.07776524778716307,0.7501710244947,0.9476390475894914,0.7649341481447834
